query_index,query_id,query_class,rank,candidate_id,candidate_class,precision,recall
251,18_20_s,18,1,12_2_s,12,0.0,0.0
251,18_20_s,18,2,15_8_s,15,0.0,0.0
251,18_20_s,18,3,16_6_s,16,0.0,0.0
251,18_20_s,18,4,15_13_s,15,0.0,0.0
251,18_20_s,18,5,18_18_s,18,0.2,0.034482758620689655
251,18_20_s,18,6,11_30_s,11,0.16666666666666666,0.034482758620689655
251,18_20_s,18,7,15_9_s,15,0.14285714285714285,0.034482758620689655
251,18_20_s,18,8,18_7_s,18,0.25,0.06896551724137931
251,18_20_s,18,9,8_12_s,8,0.2222222222222222,0.06896551724137931
251,18_20_s,18,10,15_24_s,15,0.2,0.06896551724137931
251,18_20_s,18,11,15_11_s,15,0.18181818181818182,0.06896551724137931
251,18_20_s,18,12,11_26_s,11,0.16666666666666666,0.06896551724137931
251,18_20_s,18,13,8_17_s,8,0.15384615384615385,0.06896551724137931
251,18_20_s,18,14,12_4_s,12,0.14285714285714285,0.06896551724137931
251,18_20_s,18,15,15_7_s,15,0.13333333333333333,0.06896551724137931
156,15_10_s,15,1,7_12_s,7,0.0,0.0
156,15_10_s,15,2,8_24_s,8,0.0,0.0
156,15_10_s,15,3,15_6_s,15,0.3333333333333333,0.043478260869565216
156,15_10_s,15,4,7_24_s,7,0.25,0.043478260869565216
156,15_10_s,15,5,8_26_s,8,0.2,0.043478260869565216
156,15_10_s,15,6,12_9_s,12,0.16666666666666666,0.043478260869565216
156,15_10_s,15,7,14_6_s,14,0.14285714285714285,0.043478260869565216
156,15_10_s,15,8,18_23_s,18,0.125,0.043478260869565216
156,15_10_s,15,9,20_13_s,20,0.1111111111111111,0.043478260869565216
156,15_10_s,15,10,7_25_s,7,0.1,0.043478260869565216
156,15_10_s,15,11,7_29_s,7,0.09090909090909091,0.043478260869565216
156,15_10_s,15,12,8_6_s,8,0.08333333333333333,0.043478260869565216
156,15_10_s,15,13,7_15_s,7,0.07692307692307693,0.043478260869565216
156,15_10_s,15,14,8_23_s,8,0.07142857142857142,0.043478260869565216
156,15_10_s,15,15,4_8_s,4,0.06666666666666667,0.043478260869565216
542,8_20_s,8,1,8_4_s,8,1.0,0.034482758620689655
542,8_20_s,8,2,8_3_s,8,1.0,0.06896551724137931
542,8_20_s,8,3,8_19_s,8,1.0,0.10344827586206896
542,8_20_s,8,4,11_25_s,11,0.75,0.10344827586206896
542,8_20_s,8,5,6_27_s,6,0.6,0.10344827586206896
542,8_20_s,8,6,6_3_s,6,0.5,0.10344827586206896
542,8_20_s,8,7,8_1_s,8,0.5714285714285714,0.13793103448275862
542,8_20_s,8,8,5_2_s,5,0.5,0.13793103448275862
542,8_20_s,8,9,7_18_s,7,0.4444444444444444,0.13793103448275862
542,8_20_s,8,10,16_5_s,16,0.4,0.13793103448275862
542,8_20_s,8,11,7_9_s,7,0.36363636363636365,0.13793103448275862
542,8_20_s,8,12,3_8_s,3,0.3333333333333333,0.13793103448275862
542,8_20_s,8,13,6_20_s,6,0.3076923076923077,0.13793103448275862
542,8_20_s,8,14,6_10_s,6,0.2857142857142857,0.13793103448275862
542,8_20_s,8,15,17_5_s,17,0.26666666666666666,0.13793103448275862
143,14_26_s,14,1,16_16_s,16,0.0,0.0
143,14_26_s,14,2,4_1_s,4,0.0,0.0
143,14_26_s,14,3,3_17_s,3,0.0,0.0
143,14_26_s,14,4,18_26_s,18,0.0,0.0
143,14_26_s,14,5,16_11_s,16,0.0,0.0
143,14_26_s,14,6,8_18_s,8,0.0,0.0
143,14_26_s,14,7,16_3_s,16,0.0,0.0
143,14_26_s,14,8,14_30_s,14,0.125,0.034482758620689655
143,14_26_s,14,9,11_14_s,11,0.1111111111111111,0.034482758620689655
143,14_26_s,14,10,12_3_s,12,0.1,0.034482758620689655
143,14_26_s,14,11,18_13_s,18,0.09090909090909091,0.034482758620689655
143,14_26_s,14,12,15_12_s,15,0.08333333333333333,0.034482758620689655
143,14_26_s,14,13,7_14_s,7,0.07692307692307693,0.034482758620689655
143,14_26_s,14,14,4_25_s,4,0.07142857142857142,0.034482758620689655
143,14_26_s,14,15,8_9_s,8,0.06666666666666667,0.034482758620689655
313,1_22_s,1,1,19_7_s,19,0.0,0.0
313,1_22_s,1,2,19_14_s,19,0.0,0.0
313,1_22_s,1,3,19_24_s,19,0.0,0.0
313,1_22_s,1,4,5_15_s,5,0.0,0.0
313,1_22_s,1,5,10_32_s,10,0.0,0.0
313,1_22_s,1,6,13_25_s,13,0.0,0.0
313,1_22_s,1,7,19_25_s,19,0.0,0.0
313,1_22_s,1,8,13_23_s,13,0.0,0.0
313,1_22_s,1,9,19_3_s,19,0.0,0.0
313,1_22_s,1,10,19_21_s,19,0.0,0.0
313,1_22_s,1,11,10_22_s,10,0.0,0.0
313,1_22_s,1,12,19_10_s,19,0.0,0.0
313,1_22_s,1,13,1_27_s,1,0.07692307692307693,0.034482758620689655
313,1_22_s,1,14,9_15_s,9,0.07142857142857142,0.034482758620689655
313,1_22_s,1,15,16_17_s,16,0.06666666666666667,0.034482758620689655
171,15_24_s,15,1,8_12_s,8,0.0,0.0
171,15_24_s,15,2,15_11_s,15,0.5,0.043478260869565216
171,15_24_s,15,3,11_26_s,11,0.3333333333333333,0.043478260869565216
171,15_24_s,15,4,12_10_s,12,0.25,0.043478260869565216
171,15_24_s,15,5,15_4_s,15,0.4,0.08695652173913043
171,15_24_s,15,6,8_17_s,8,0.3333333333333333,0.08695652173913043
171,15_24_s,15,7,16_6_s,16,0.2857142857142857,0.08695652173913043
171,15_24_s,15,8,18_20_s,18,0.25,0.08695652173913043
171,15_24_s,15,9,12_2_s,12,0.2222222222222222,0.08695652173913043
171,15_24_s,15,10,18_7_s,18,0.2,0.08695652173913043
171,15_24_s,15,11,15_13_s,15,0.2727272727272727,0.13043478260869565
171,15_24_s,15,12,18_18_s,18,0.25,0.13043478260869565
171,15_24_s,15,13,19_4_s,19,0.23076923076923078,0.13043478260869565
171,15_24_s,15,14,15_8_s,15,0.2857142857142857,0.17391304347826086
171,15_24_s,15,15,12_4_s,12,0.26666666666666666,0.17391304347826086
294,19_4_s,19,1,11_26_s,11,0.0,0.0
294,19_4_s,19,2,18_24_s,18,0.0,0.0
294,19_4_s,19,3,3_2_s,3,0.0,0.0
294,19_4_s,19,4,15_11_s,15,0.0,0.0
294,19_4_s,19,5,8_17_s,8,0.0,0.0
294,19_4_s,19,6,7_3_s,7,0.0,0.0
294,19_4_s,19,7,3_18_s,3,0.0,0.0
294,19_4_s,19,8,17_20_s,17,0.0,0.0
294,19_4_s,19,9,17_16_s,17,0.0,0.0
294,19_4_s,19,10,12_11_s,12,0.0,0.0
294,19_4_s,19,11,12_33_s,12,0.0,0.0
294,19_4_s,19,12,15_4_s,15,0.0,0.0
294,19_4_s,19,13,12_4_s,12,0.0,0.0
294,19_4_s,19,14,8_23_s,8,0.0,0.0
294,19_4_s,19,15,14_24_s,14,0.0,0.0
453,5_21_s,5,1,19_26_s,19,0.0,0.0
453,5_21_s,5,2,19_17_s,19,0.0,0.0
453,5_21_s,5,3,5_12_s,5,0.3333333333333333,0.034482758620689655
453,5_21_s,5,4,18_29_s,18,0.25,0.034482758620689655
453,5_21_s,5,5,16_21_s,16,0.2,0.034482758620689655
453,5_21_s,5,6,1_24_s,1,0.16666666666666666,0.034482758620689655
453,5_21_s,5,7,19_18_s,19,0.14285714285714285,0.034482758620689655
453,5_21_s,5,8,1_26_s,1,0.125,0.034482758620689655
453,5_21_s,5,9,9_10_s,9,0.1111111111111111,0.034482758620689655
453,5_21_s,5,10,14_7_s,14,0.1,0.034482758620689655
453,5_21_s,5,11,19_30_s,19,0.09090909090909091,0.034482758620689655
453,5_21_s,5,12,5_20_s,5,0.16666666666666666,0.06896551724137931
453,5_21_s,5,13,16_20_s,16,0.15384615384615385,0.06896551724137931
453,5_21_s,5,14,19_21_s,19,0.14285714285714285,0.06896551724137931
453,5_21_s,5,15,14_8_s,14,0.13333333333333333,0.06896551724137931
421,4_1_s,4,1,8_18_s,8,0.0,0.0
421,4_1_s,4,2,3_17_s,3,0.0,0.0
421,4_1_s,4,3,16_11_s,16,0.0,0.0
421,4_1_s,4,4,16_16_s,16,0.0,0.0
421,4_1_s,4,5,14_26_s,14,0.0,0.0
421,4_1_s,4,6,12_3_s,12,0.0,0.0
421,4_1_s,4,7,18_26_s,18,0.0,0.0
421,4_1_s,4,8,16_7_s,16,0.0,0.0
421,4_1_s,4,9,8_9_s,8,0.0,0.0
421,4_1_s,4,10,14_30_s,14,0.0,0.0
421,4_1_s,4,11,7_14_s,7,0.0,0.0
421,4_1_s,4,12,16_3_s,16,0.0,0.0
421,4_1_s,4,13,18_13_s,18,0.0,0.0
421,4_1_s,4,14,20_20_s,20,0.0,0.0
421,4_1_s,4,15,11_14_s,11,0.0,0.0
539,8_18_s,8,1,4_1_s,4,0.0,0.0
539,8_18_s,8,2,3_17_s,3,0.0,0.0
539,8_18_s,8,3,16_7_s,16,0.0,0.0
539,8_18_s,8,4,16_11_s,16,0.0,0.0
539,8_18_s,8,5,12_3_s,12,0.0,0.0
539,8_18_s,8,6,8_9_s,8,0.16666666666666666,0.034482758620689655
539,8_18_s,8,7,20_12_s,20,0.14285714285714285,0.034482758620689655
539,8_18_s,8,8,7_14_s,7,0.125,0.034482758620689655
539,8_18_s,8,9,16_16_s,16,0.1111111111111111,0.034482758620689655
539,8_18_s,8,10,14_30_s,14,0.1,0.034482758620689655
539,8_18_s,8,11,20_13_s,20,0.09090909090909091,0.034482758620689655
539,8_18_s,8,12,11_3_s,11,0.08333333333333333,0.034482758620689655
539,8_18_s,8,13,20_20_s,20,0.07692307692307693,0.034482758620689655
539,8_18_s,8,14,18_13_s,18,0.07142857142857142,0.034482758620689655
539,8_18_s,8,15,14_26_s,14,0.06666666666666667,0.034482758620689655
268,18_8_s,18,1,8_6_s,8,0.0,0.0
268,18_8_s,18,2,15_4_s,15,0.0,0.0
268,18_8_s,18,3,18_15_s,18,0.3333333333333333,0.034482758620689655
268,18_8_s,18,4,15_11_s,15,0.25,0.034482758620689655
268,18_8_s,18,5,11_26_s,11,0.2,0.034482758620689655
268,18_8_s,18,6,18_16_s,18,0.3333333333333333,0.06896551724137931
268,18_8_s,18,7,17_20_s,17,0.2857142857142857,0.06896551724137931
268,18_8_s,18,8,17_16_s,17,0.25,0.06896551724137931
268,18_8_s,18,9,18_19_s,18,0.3333333333333333,0.10344827586206896
268,18_8_s,18,10,18_5_s,18,0.4,0.13793103448275862
268,18_8_s,18,11,3_12_s,3,0.36363636363636365,0.13793103448275862
268,18_8_s,18,12,8_23_s,8,0.3333333333333333,0.13793103448275862
268,18_8_s,18,13,14_27_s,14,0.3076923076923077,0.13793103448275862
268,18_8_s,18,14,7_24_s,7,0.2857142857142857,0.13793103448275862
268,18_8_s,18,15,12_10_s,12,0.26666666666666666,0.13793103448275862
562,9_11_s,9,1,18_14_s,18,0.0,0.0
562,9_11_s,9,2,4_13_s,4,0.0,0.0
562,9_11_s,9,3,4_15_s,4,0.0,0.0
562,9_11_s,9,4,4_16_s,4,0.0,0.0
562,9_11_s,9,5,4_14_s,4,0.0,0.0
562,9_11_s,9,6,4_12_s,4,0.0,0.0
562,9_11_s,9,7,19_25_s,19,0.0,0.0
562,9_11_s,9,8,2_5_s,2,0.0,0.0
562,9_11_s,9,9,2_2_s,2,0.0,0.0
562,9_11_s,9,10,19_22_s,19,0.0,0.0
562,9_11_s,9,11,2_4_s,2,0.0,0.0
562,9_11_s,9,12,9_6_s,9,0.08333333333333333,0.034482758620689655
562,9_11_s,9,13,1_2_s,1,0.07692307692307693,0.034482758620689655
562,9_11_s,9,14,9_8_s,9,0.14285714285714285,0.06896551724137931
562,9_11_s,9,15,9_2_s,9,0.2,0.10344827586206896
277,19_17_s,19,1,19_18_s,19,1.0,0.034482758620689655
277,19_17_s,19,2,19_26_s,19,1.0,0.06896551724137931
277,19_17_s,19,3,14_7_s,14,0.6666666666666666,0.06896551724137931
277,19_17_s,19,4,16_21_s,16,0.5,0.06896551724137931
277,19_17_s,19,5,5_21_s,5,0.4,0.06896551724137931
277,19_17_s,19,6,19_30_s,19,0.5,0.10344827586206896
277,19_17_s,19,7,6_26_s,6,0.42857142857142855,0.10344827586206896
277,19_17_s,19,8,16_20_s,16,0.375,0.10344827586206896
277,19_17_s,19,9,5_12_s,5,0.3333333333333333,0.10344827586206896
277,19_17_s,19,10,1_18_s,1,0.3,0.10344827586206896
277,19_17_s,19,11,15_19_s,15,0.2727272727272727,0.10344827586206896
277,19_17_s,19,12,1_23_s,1,0.25,0.10344827586206896
277,19_17_s,19,13,14_11_s,14,0.23076923076923078,0.10344827586206896
277,19_17_s,19,14,6_15_s,6,0.21428571428571427,0.10344827586206896
277,19_17_s,19,15,19_21_s,19,0.26666666666666666,0.13793103448275862
556,8_5_s,8,1,12_34_s,12,0.0,0.0
556,8_5_s,8,2,15_23_s,15,0.0,0.0
556,8_5_s,8,3,16_30_s,16,0.0,0.0
556,8_5_s,8,4,7_9_s,7,0.0,0.0
556,8_5_s,8,5,6_20_s,6,0.0,0.0
556,8_5_s,8,6,14_1_s,14,0.0,0.0
556,8_5_s,8,7,8_19_s,8,0.14285714285714285,0.034482758620689655
556,8_5_s,8,8,8_15_s,8,0.25,0.06896551724137931
556,8_5_s,8,9,18_23_s,18,0.2222222222222222,0.06896551724137931
556,8_5_s,8,10,11_7_s,11,0.2,0.06896551724137931
556,8_5_s,8,11,7_29_s,7,0.18181818181818182,0.06896551724137931
556,8_5_s,8,12,6_19_s,6,0.16666666666666666,0.06896551724137931
556,8_5_s,8,13,12_32_s,12,0.15384615384615385,0.06896551724137931
556,8_5_s,8,14,3_8_s,3,0.14285714285714285,0.06896551724137931
556,8_5_s,8,15,6_27_s,6,0.13333333333333333,0.06896551724137931
139,14_22_s,14,1,8_27_s,8,0.0,0.0
139,14_22_s,14,2,7_21_s,7,0.0,0.0
139,14_22_s,14,3,6_4_s,6,0.0,0.0
139,14_22_s,14,4,8_28_s,8,0.0,0.0
139,14_22_s,14,5,8_13_s,8,0.0,0.0
139,14_22_s,14,6,15_21_s,15,0.0,0.0
139,14_22_s,14,7,16_22_s,16,0.0,0.0
139,14_22_s,14,8,8_10_s,8,0.0,0.0
139,14_22_s,14,9,8_15_s,8,0.0,0.0
139,14_22_s,14,10,13_17_s,13,0.0,0.0
139,14_22_s,14,11,16_27_s,16,0.0,0.0
139,14_22_s,14,12,7_3_s,7,0.0,0.0
139,14_22_s,14,13,8_26_s,8,0.0,0.0
139,14_22_s,14,14,6_10_s,6,0.0,0.0
139,14_22_s,14,15,6_27_s,6,0.0,0.0
61,11_9_s,11,1,14_14_s,14,0.0,0.0
61,11_9_s,11,2,11_27_s,11,0.5,0.034482758620689655
61,11_9_s,11,3,6_13_s,6,0.3333333333333333,0.034482758620689655
61,11_9_s,11,4,5_8_s,5,0.25,0.034482758620689655
61,11_9_s,11,5,12_28_s,12,0.2,0.034482758620689655
61,11_9_s,11,6,10_24_s,10,0.16666666666666666,0.034482758620689655
61,11_9_s,11,7,15_22_s,15,0.14285714285714285,0.034482758620689655
61,11_9_s,11,8,10_11_s,10,0.125,0.034482758620689655
61,11_9_s,11,9,7_26_s,7,0.1111111111111111,0.034482758620689655
61,11_9_s,11,10,16_23_s,16,0.1,0.034482758620689655
61,11_9_s,11,11,12_17_s,12,0.09090909090909091,0.034482758620689655
61,11_9_s,11,12,14_9_s,14,0.08333333333333333,0.034482758620689655
61,11_9_s,11,13,10_9_s,10,0.07692307692307693,0.034482758620689655
61,11_9_s,11,14,14_10_s,14,0.07142857142857142,0.034482758620689655
61,11_9_s,11,15,11_20_s,11,0.13333333333333333,0.06896551724137931
147,14_2_s,14,1,15_14_s,15,0.0,0.0
147,14_2_s,14,2,14_1_s,14,0.5,0.034482758620689655
147,14_2_s,14,3,14_3_s,14,0.6666666666666666,0.06896551724137931
147,14_2_s,14,4,3_18_s,3,0.5,0.06896551724137931
147,14_2_s,14,5,8_5_s,8,0.4,0.06896551724137931
147,14_2_s,14,6,3_21_s,3,0.3333333333333333,0.06896551724137931
147,14_2_s,14,7,18_12_s,18,0.2857142857142857,0.06896551724137931
147,14_2_s,14,8,18_22_s,18,0.25,0.06896551724137931
147,14_2_s,14,9,16_30_s,16,0.2222222222222222,0.06896551724137931
147,14_2_s,14,10,12_34_s,12,0.2,0.06896551724137931
147,14_2_s,14,11,19_4_s,19,0.18181818181818182,0.06896551724137931
147,14_2_s,14,12,18_23_s,18,0.16666666666666666,0.06896551724137931
147,14_2_s,14,13,12_11_s,12,0.15384615384615385,0.06896551724137931
147,14_2_s,14,14,15_23_s,15,0.14285714285714285,0.06896551724137931
147,14_2_s,14,15,6_19_s,6,0.13333333333333333,0.06896551724137931
239,17_9_s,17,1,17_21_s,17,1.0,0.034482758620689655
239,17_9_s,17,2,17_11_s,17,1.0,0.06896551724137931
239,17_9_s,17,3,3_28_s,3,0.6666666666666666,0.06896551724137931
239,17_9_s,17,4,8_21_s,8,0.5,0.06896551724137931
239,17_9_s,17,5,17_10_s,17,0.6,0.10344827586206896
239,17_9_s,17,6,8_30_s,8,0.5,0.10344827586206896
239,17_9_s,17,7,17_6_s,17,0.5714285714285714,0.13793103448275862
239,17_9_s,17,8,18_17_s,18,0.5,0.13793103448275862
239,17_9_s,17,9,20_16_s,20,0.4444444444444444,0.13793103448275862
239,17_9_s,17,10,8_29_s,8,0.4,0.13793103448275862
239,17_9_s,17,11,19_12_s,19,0.36363636363636365,0.13793103448275862
239,17_9_s,17,12,17_8_s,17,0.4166666666666667,0.1724137931034483
239,17_9_s,17,13,17_23_s,17,0.46153846153846156,0.20689655172413793
239,17_9_s,17,14,20_7_s,20,0.42857142857142855,0.20689655172413793
239,17_9_s,17,15,14_29_s,14,0.4,0.20689655172413793
304,1_14_s,1,1,1_16_s,1,1.0,0.034482758620689655
304,1_14_s,1,2,1_12_s,1,1.0,0.06896551724137931
304,1_14_s,1,3,5_29_s,5,0.6666666666666666,0.06896551724137931
304,1_14_s,1,4,5_14_s,5,0.5,0.06896551724137931
304,1_14_s,1,5,12_23_s,12,0.4,0.06896551724137931
304,1_14_s,1,6,14_18_s,14,0.3333333333333333,0.06896551724137931
304,1_14_s,1,7,1_9_s,1,0.42857142857142855,0.10344827586206896
304,1_14_s,1,8,1_30_s,1,0.5,0.13793103448275862
304,1_14_s,1,9,14_19_s,14,0.4444444444444444,0.13793103448275862
304,1_14_s,1,10,9_9_s,9,0.4,0.13793103448275862
304,1_14_s,1,11,19_16_s,19,0.36363636363636365,0.13793103448275862
304,1_14_s,1,12,5_20_s,5,0.3333333333333333,0.13793103448275862
304,1_14_s,1,13,14_17_s,14,0.3076923076923077,0.13793103448275862
304,1_14_s,1,14,1_23_s,1,0.35714285714285715,0.1724137931034483
304,1_14_s,1,15,1_24_s,1,0.4,0.20689655172413793
340,20_1_s,20,1,20_9_s,20,1.0,0.05
340,20_1_s,20,2,18_3_s,18,0.5,0.05
340,20_1_s,20,3,20_17_s,20,0.6666666666666666,0.1
340,20_1_s,20,4,18_13_s,18,0.5,0.1
340,20_1_s,20,5,20_8_s,20,0.6,0.15
340,20_1_s,20,6,18_4_s,18,0.5,0.15
340,20_1_s,20,7,4_7_s,4,0.42857142857142855,0.15
340,20_1_s,20,8,20_19_s,20,0.5,0.2
340,20_1_s,20,9,14_30_s,14,0.4444444444444444,0.2
340,20_1_s,20,10,19_2_s,19,0.4,0.2
340,20_1_s,20,11,17_25_s,17,0.36363636363636365,0.2
340,20_1_s,20,12,3_1_s,3,0.3333333333333333,0.2
340,20_1_s,20,13,6_18_s,6,0.3076923076923077,0.2
340,20_1_s,20,14,7_14_s,7,0.2857142857142857,0.2
340,20_1_s,20,15,20_20_s,20,0.3333333333333333,0.25
57,11_5_s,11,1,14_14_s,14,0.0,0.0
57,11_5_s,11,2,11_9_s,11,0.5,0.034482758620689655
57,11_5_s,11,3,7_26_s,7,0.3333333333333333,0.034482758620689655
57,11_5_s,11,4,11_27_s,11,0.5,0.06896551724137931
57,11_5_s,11,5,6_13_s,6,0.4,0.06896551724137931
57,11_5_s,11,6,16_23_s,16,0.3333333333333333,0.06896551724137931
57,11_5_s,11,7,13_11_s,13,0.2857142857142857,0.06896551724137931
57,11_5_s,11,8,15_22_s,15,0.25,0.06896551724137931
57,11_5_s,11,9,13_12_s,13,0.2222222222222222,0.06896551724137931
57,11_5_s,11,10,10_24_s,10,0.2,0.06896551724137931
57,11_5_s,11,11,13_13_s,13,0.18181818181818182,0.06896551724137931
57,11_5_s,11,12,12_17_s,12,0.16666666666666666,0.06896551724137931
57,11_5_s,11,13,13_6_s,13,0.15384615384615385,0.06896551724137931
57,11_5_s,11,14,11_20_s,11,0.21428571428571427,0.10344827586206896
57,11_5_s,11,15,18_12_s,18,0.2,0.10344827586206896
12,10_21_s,10,1,1_2_s,1,0.0,0.0
12,10_21_s,10,2,10_4_s,10,0.5,0.03225806451612903
12,10_21_s,10,3,9_8_s,9,0.3333333333333333,0.03225806451612903
12,10_21_s,10,4,9_6_s,9,0.25,0.03225806451612903
12,10_21_s,10,5,19_25_s,19,0.2,0.03225806451612903
12,10_21_s,10,6,14_11_s,14,0.16666666666666666,0.03225806451612903
12,10_21_s,10,7,5_7_s,5,0.14285714285714285,0.03225806451612903
12,10_21_s,10,8,9_14_s,9,0.125,0.03225806451612903
12,10_21_s,10,9,17_3_s,17,0.1111111111111111,0.03225806451612903
12,10_21_s,10,10,5_6_s,5,0.1,0.03225806451612903
12,10_21_s,10,11,2_5_s,2,0.09090909090909091,0.03225806451612903
12,10_21_s,10,12,2_23_s,2,0.08333333333333333,0.03225806451612903
12,10_21_s,10,13,19_10_s,19,0.07692307692307693,0.03225806451612903
12,10_21_s,10,14,9_2_s,9,0.07142857142857142,0.03225806451612903
12,10_21_s,10,15,19_22_s,19,0.06666666666666667,0.03225806451612903
417,4_16_s,4,1,4_12_s,4,1.0,0.034482758620689655
417,4_16_s,4,2,4_14_s,4,1.0,0.06896551724137931
417,4_16_s,4,3,4_15_s,4,1.0,0.10344827586206896
417,4_16_s,4,4,9_22_s,9,0.75,0.10344827586206896
417,4_16_s,4,5,4_13_s,4,0.8,0.13793103448275862
417,4_16_s,4,6,3_15_s,3,0.6666666666666666,0.13793103448275862
417,4_16_s,4,7,19_22_s,19,0.5714285714285714,0.13793103448275862
417,4_16_s,4,8,9_18_s,9,0.5,0.13793103448275862
417,4_16_s,4,9,9_17_s,9,0.4444444444444444,0.13793103448275862
417,4_16_s,4,10,1_15_s,1,0.4,0.13793103448275862
417,4_16_s,4,11,2_5_s,2,0.36363636363636365,0.13793103448275862
417,4_16_s,4,12,9_11_s,9,0.3333333333333333,0.13793103448275862
417,4_16_s,4,13,5_30_s,5,0.3076923076923077,0.13793103448275862
417,4_16_s,4,14,19_25_s,19,0.2857142857142857,0.13793103448275862
417,4_16_s,4,15,4_11_s,4,0.3333333333333333,0.1724137931034483
11,10_20_s,10,1,13_13_s,13,0.0,0.0
11,10_20_s,10,2,10_24_s,10,0.5,0.03225806451612903
11,10_20_s,10,3,7_26_s,7,0.3333333333333333,0.03225806451612903
11,10_20_s,10,4,13_16_s,13,0.25,0.03225806451612903
11,10_20_s,10,5,13_11_s,13,0.2,0.03225806451612903
11,10_20_s,10,6,10_29_s,10,0.3333333333333333,0.06451612903225806
11,10_20_s,10,7,14_10_s,14,0.2857142857142857,0.06451612903225806
11,10_20_s,10,8,11_27_s,11,0.25,0.06451612903225806
11,10_20_s,10,9,13_14_s,13,0.2222222222222222,0.06451612903225806
11,10_20_s,10,10,13_12_s,13,0.2,0.06451612903225806
11,10_20_s,10,11,11_9_s,11,0.18181818181818182,0.06451612903225806
11,10_20_s,10,12,13_6_s,13,0.16666666666666666,0.06451612903225806
11,10_20_s,10,13,11_18_s,11,0.15384615384615385,0.06451612903225806
11,10_20_s,10,14,10_19_s,10,0.21428571428571427,0.0967741935483871
11,10_20_s,10,15,14_9_s,14,0.2,0.0967741935483871
243,18_13_s,18,1,14_30_s,14,0.0,0.0
243,18_13_s,18,2,20_20_s,20,0.0,0.0
243,18_13_s,18,3,12_3_s,12,0.0,0.0
243,18_13_s,18,4,3_17_s,3,0.0,0.0
243,18_13_s,18,5,16_3_s,16,0.0,0.0
243,18_13_s,18,6,8_18_s,8,0.0,0.0
243,18_13_s,18,7,4_1_s,4,0.0,0.0
243,18_13_s,18,8,15_12_s,15,0.0,0.0
243,18_13_s,18,9,16_16_s,16,0.0,0.0
243,18_13_s,18,10,7_14_s,7,0.0,0.0
243,18_13_s,18,11,16_19_s,16,0.0,0.0
243,18_13_s,18,12,11_1_s,11,0.0,0.0
243,18_13_s,18,13,16_7_s,16,0.0,0.0
243,18_13_s,18,14,16_11_s,16,0.0,0.0
243,18_13_s,18,15,18_26_s,18,0.06666666666666667,0.034482758620689655
353,2_12_s,2,1,7_16_s,7,0.0,0.0
353,2_12_s,2,2,2_15_s,2,0.5,0.034482758620689655
353,2_12_s,2,3,17_29_s,17,0.3333333333333333,0.034482758620689655
353,2_12_s,2,4,4_28_s,4,0.25,0.034482758620689655
353,2_12_s,2,5,3_29_s,3,0.2,0.034482758620689655
353,2_12_s,2,6,17_23_s,17,0.16666666666666666,0.034482758620689655
353,2_12_s,2,7,6_28_s,6,0.14285714285714285,0.034482758620689655
353,2_12_s,2,8,4_29_s,4,0.125,0.034482758620689655
353,2_12_s,2,9,17_8_s,17,0.1111111111111111,0.034482758620689655
353,2_12_s,2,10,17_30_s,17,0.1,0.034482758620689655
353,2_12_s,2,11,2_20_s,2,0.18181818181818182,0.06896551724137931
353,2_12_s,2,12,7_27_s,7,0.16666666666666666,0.06896551724137931
353,2_12_s,2,13,15_1_s,15,0.15384615384615385,0.06896551724137931
353,2_12_s,2,14,19_5_s,19,0.14285714285714285,0.06896551724137931
353,2_12_s,2,15,17_6_s,17,0.13333333333333333,0.06896551724137931
85,12_31_s,12,1,4_30_s,4,0.0,0.0
85,12_31_s,12,2,9_26_s,9,0.0,0.0
85,12_31_s,12,3,4_12_s,4,0.0,0.0
85,12_31_s,12,4,3_15_s,3,0.0,0.0
85,12_31_s,12,5,4_16_s,4,0.0,0.0
85,12_31_s,12,6,9_22_s,9,0.0,0.0
85,12_31_s,12,7,4_15_s,4,0.0,0.0
85,12_31_s,12,8,5_30_s,5,0.0,0.0
85,12_31_s,12,9,1_13_s,1,0.0,0.0
85,12_31_s,12,10,4_14_s,4,0.0,0.0
85,12_31_s,12,11,9_30_s,9,0.0,0.0
85,12_31_s,12,12,9_17_s,9,0.0,0.0
85,12_31_s,12,13,1_15_s,1,0.0,0.0
85,12_31_s,12,14,9_27_s,9,0.0,0.0
85,12_31_s,12,15,9_28_s,9,0.0,0.0
316,1_25_s,1,1,10_4_s,10,0.0,0.0
316,1_25_s,1,2,5_1_s,5,0.0,0.0
316,1_25_s,1,3,12_32_s,12,0.0,0.0
316,1_25_s,1,4,12_34_s,12,0.0,0.0
316,1_25_s,1,5,7_30_s,7,0.0,0.0
316,1_25_s,1,6,14_16_s,14,0.0,0.0
316,1_25_s,1,7,14_10_s,14,0.0,0.0
316,1_25_s,1,8,14_12_s,14,0.0,0.0
316,1_25_s,1,9,13_12_s,13,0.0,0.0
316,1_25_s,1,10,3_8_s,3,0.0,0.0
316,1_25_s,1,11,14_15_s,14,0.0,0.0
316,1_25_s,1,12,17_28_s,17,0.0,0.0
316,1_25_s,1,13,13_16_s,13,0.0,0.0
316,1_25_s,1,14,8_19_s,8,0.0,0.0
316,1_25_s,1,15,13_13_s,13,0.0,0.0
299,19_9_s,19,1,5_28_s,5,0.0,0.0
299,19_9_s,19,2,19_21_s,19,0.5,0.034482758620689655
299,19_9_s,19,3,16_20_s,16,0.3333333333333333,0.034482758620689655
299,19_9_s,19,4,1_19_s,1,0.25,0.034482758620689655
299,19_9_s,19,5,12_27_s,12,0.2,0.034482758620689655
299,19_9_s,19,6,14_8_s,14,0.16666666666666666,0.034482758620689655
299,19_9_s,19,7,14_5_s,14,0.14285714285714285,0.034482758620689655
299,19_9_s,19,8,16_21_s,16,0.125,0.034482758620689655
299,19_9_s,19,9,14_16_s,14,0.1111111111111111,0.034482758620689655
299,19_9_s,19,10,14_7_s,14,0.1,0.034482758620689655
299,19_9_s,19,11,19_10_s,19,0.18181818181818182,0.06896551724137931
299,19_9_s,19,12,19_26_s,19,0.25,0.10344827586206896
299,19_9_s,19,13,1_23_s,1,0.23076923076923078,0.10344827586206896
299,19_9_s,19,14,1_21_s,1,0.21428571428571427,0.10344827586206896
299,19_9_s,19,15,9_29_s,9,0.2,0.10344827586206896
465,5_4_s,5,1,5_10_s,5,1.0,0.034482758620689655
465,5_4_s,5,2,6_7_s,6,0.5,0.034482758620689655
465,5_4_s,5,3,5_28_s,5,0.6666666666666666,0.06896551724137931
465,5_4_s,5,4,19_9_s,19,0.5,0.06896551724137931
465,5_4_s,5,5,14_16_s,14,0.4,0.06896551724137931
465,5_4_s,5,6,12_27_s,12,0.3333333333333333,0.06896551724137931
465,5_4_s,5,7,19_10_s,19,0.2857142857142857,0.06896551724137931
465,5_4_s,5,8,16_13_s,16,0.25,0.06896551724137931
465,5_4_s,5,9,7_30_s,7,0.2222222222222222,0.06896551724137931
465,5_4_s,5,10,16_26_s,16,0.2,0.06896551724137931
465,5_4_s,5,11,16_20_s,16,0.18181818181818182,0.06896551724137931
465,5_4_s,5,12,14_29_s,14,0.16666666666666666,0.06896551724137931
465,5_4_s,5,13,5_1_s,5,0.23076923076923078,0.10344827586206896
465,5_4_s,5,14,14_28_s,14,0.21428571428571427,0.10344827586206896
465,5_4_s,5,15,12_13_s,12,0.2,0.10344827586206896
55,11_3_s,11,1,20_13_s,20,0.0,0.0
55,11_3_s,11,2,20_12_s,20,0.0,0.0
55,11_3_s,11,3,15_6_s,15,0.0,0.0
55,11_3_s,11,4,16_7_s,16,0.0,0.0
55,11_3_s,11,5,14_6_s,14,0.0,0.0
55,11_3_s,11,6,14_27_s,14,0.0,0.0
55,11_3_s,11,7,8_9_s,8,0.0,0.0
55,11_3_s,11,8,18_19_s,18,0.0,0.0
55,11_3_s,11,9,8_18_s,8,0.0,0.0
55,11_3_s,11,10,15_10_s,15,0.0,0.0
55,11_3_s,11,11,8_11_s,8,0.0,0.0
55,11_3_s,11,12,7_24_s,7,0.0,0.0
55,11_3_s,11,13,7_14_s,7,0.0,0.0
55,11_3_s,11,14,8_6_s,8,0.0,0.0
55,11_3_s,11,15,6_25_s,6,0.0,0.0
382,3_11_s,3,1,3_8_s,3,1.0,0.034482758620689655
382,3_11_s,3,2,3_21_s,3,1.0,0.06896551724137931
382,3_11_s,3,3,17_26_s,17,0.6666666666666666,0.06896551724137931
382,3_11_s,3,4,3_30_s,3,0.75,0.10344827586206896
382,3_11_s,3,5,17_24_s,17,0.6,0.10344827586206896
382,3_11_s,3,6,14_23_s,14,0.5,0.10344827586206896
382,3_11_s,3,7,8_16_s,8,0.42857142857142855,0.10344827586206896
382,3_11_s,3,8,6_29_s,6,0.375,0.10344827586206896
382,3_11_s,3,9,4_4_s,4,0.3333333333333333,0.10344827586206896
382,3_11_s,3,10,2_5_s,2,0.3,0.10344827586206896
382,3_11_s,3,11,17_29_s,17,0.2727272727272727,0.10344827586206896
382,3_11_s,3,12,3_15_s,3,0.3333333333333333,0.13793103448275862
382,3_11_s,3,13,2_16_s,2,0.3076923076923077,0.13793103448275862
382,3_11_s,3,14,17_2_s,17,0.2857142857142857,0.13793103448275862
382,3_11_s,3,15,10_2_s,10,0.26666666666666666,0.13793103448275862
184,16_14_s,16,1,17_23_s,17,0.0,0.0
184,16_14_s,16,2,20_7_s,20,0.0,0.0
184,16_14_s,16,3,19_11_s,19,0.0,0.0
184,16_14_s,16,4,11_23_s,11,0.0,0.0
184,16_14_s,16,5,18_17_s,18,0.0,0.0
184,16_14_s,16,6,7_11_s,7,0.0,0.0
184,16_14_s,16,7,7_28_s,7,0.0,0.0
184,16_14_s,16,8,7_10_s,7,0.0,0.0
184,16_14_s,16,9,17_19_s,17,0.0,0.0
184,16_14_s,16,10,17_8_s,17,0.0,0.0
184,16_14_s,16,11,7_13_s,7,0.0,0.0
184,16_14_s,16,12,8_4_s,8,0.0,0.0
184,16_14_s,16,13,7_2_s,7,0.0,0.0
184,16_14_s,16,14,7_16_s,7,0.0,0.0
184,16_14_s,16,15,17_5_s,17,0.0,0.0
23,10_31_s,10,1,1_13_s,1,0.0,0.0
23,10_31_s,10,2,9_29_s,9,0.0,0.0
23,10_31_s,10,3,3_15_s,3,0.0,0.0
23,10_31_s,10,4,9_30_s,9,0.0,0.0
23,10_31_s,10,5,15_21_s,15,0.0,0.0
23,10_31_s,10,6,3_7_s,3,0.0,0.0
23,10_31_s,10,7,16_22_s,16,0.0,0.0
23,10_31_s,10,8,19_10_s,19,0.0,0.0
23,10_31_s,10,9,2_3_s,2,0.0,0.0
23,10_31_s,10,10,4_27_s,4,0.0,0.0
23,10_31_s,10,11,7_3_s,7,0.0,0.0
23,10_31_s,10,12,14_5_s,14,0.0,0.0
23,10_31_s,10,13,20_11_s,20,0.0,0.0
23,10_31_s,10,14,7_19_s,7,0.0,0.0
23,10_31_s,10,15,6_29_s,6,0.0,0.0
445,5_14_s,5,1,1_16_s,1,0.0,0.0
445,5_14_s,5,2,5_29_s,5,0.5,0.034482758620689655
445,5_14_s,5,3,14_18_s,14,0.3333333333333333,0.034482758620689655
445,5_14_s,5,4,1_9_s,1,0.25,0.034482758620689655
445,5_14_s,5,5,1_14_s,1,0.2,0.034482758620689655
445,5_14_s,5,6,12_23_s,12,0.16666666666666666,0.034482758620689655
445,5_14_s,5,7,9_9_s,9,0.14285714285714285,0.034482758620689655
445,5_14_s,5,8,5_20_s,5,0.25,0.06896551724137931
445,5_14_s,5,9,14_19_s,14,0.2222222222222222,0.06896551724137931
445,5_14_s,5,10,1_12_s,1,0.2,0.06896551724137931
445,5_14_s,5,11,1_30_s,1,0.18181818181818182,0.06896551724137931
445,5_14_s,5,12,1_20_s,1,0.16666666666666666,0.06896551724137931
445,5_14_s,5,13,19_16_s,19,0.15384615384615385,0.06896551724137931
445,5_14_s,5,14,5_25_s,5,0.21428571428571427,0.10344827586206896
445,5_14_s,5,15,1_23_s,1,0.2,0.10344827586206896
92,12_6_s,12,1,18_7_s,18,0.0,0.0
92,12_6_s,12,2,18_21_s,18,0.0,0.0
92,12_6_s,12,3,18_5_s,18,0.0,0.0
92,12_6_s,12,4,16_6_s,16,0.0,0.0
92,12_6_s,12,5,11_30_s,11,0.0,0.0
92,12_6_s,12,6,12_10_s,12,0.16666666666666666,0.030303030303030304
92,12_6_s,12,7,15_9_s,15,0.14285714285714285,0.030303030303030304
92,12_6_s,12,8,15_8_s,15,0.125,0.030303030303030304
92,12_6_s,12,9,18_25_s,18,0.1111111111111111,0.030303030303030304
92,12_6_s,12,10,15_7_s,15,0.1,0.030303030303030304
92,12_6_s,12,11,18_20_s,18,0.09090909090909091,0.030303030303030304
92,12_6_s,12,12,15_13_s,15,0.08333333333333333,0.030303030303030304
92,12_6_s,12,13,12_2_s,12,0.15384615384615385,0.06060606060606061
92,12_6_s,12,14,15_2_s,15,0.14285714285714285,0.06060606060606061
92,12_6_s,12,15,8_12_s,8,0.13333333333333333,0.06060606060606061
359,2_18_s,2,1,4_3_s,4,0.0,0.0
359,2_18_s,2,2,2_7_s,2,0.5,0.034482758620689655
359,2_18_s,2,3,2_17_s,2,0.6666666666666666,0.06896551724137931
359,2_18_s,2,4,4_29_s,4,0.5,0.06896551724137931
359,2_18_s,2,5,2_28_s,2,0.6,0.10344827586206896
359,2_18_s,2,6,2_27_s,2,0.6666666666666666,0.13793103448275862
359,2_18_s,2,7,2_8_s,2,0.7142857142857143,0.1724137931034483
359,2_18_s,2,8,4_28_s,4,0.625,0.1724137931034483
359,2_18_s,2,9,2_20_s,2,0.6666666666666666,0.20689655172413793
359,2_18_s,2,10,2_15_s,2,0.7,0.2413793103448276
359,2_18_s,2,11,2_24_s,2,0.7272727272727273,0.27586206896551724
359,2_18_s,2,12,2_26_s,2,0.75,0.3103448275862069
359,2_18_s,2,13,5_30_s,5,0.6923076923076923,0.3103448275862069
359,2_18_s,2,14,2_6_s,2,0.7142857142857143,0.3448275862068966
359,2_18_s,2,15,4_22_s,4,0.6666666666666666,0.3448275862068966
544,8_22_s,8,1,11_15_s,11,0.0,0.0
544,8_22_s,8,2,8_7_s,8,0.5,0.034482758620689655
544,8_22_s,8,3,7_22_s,7,0.3333333333333333,0.034482758620689655
544,8_22_s,8,4,14_25_s,14,0.25,0.034482758620689655
544,8_22_s,8,5,7_25_s,7,0.2,0.034482758620689655
544,8_22_s,8,6,12_9_s,12,0.16666666666666666,0.034482758620689655
544,8_22_s,8,7,16_4_s,16,0.14285714285714285,0.034482758620689655
544,8_22_s,8,8,4_18_s,4,0.125,0.034482758620689655
544,8_22_s,8,9,4_5_s,4,0.1111111111111111,0.034482758620689655
544,8_22_s,8,10,6_24_s,6,0.1,0.034482758620689655
544,8_22_s,8,11,17_4_s,17,0.09090909090909091,0.034482758620689655
544,8_22_s,8,12,8_11_s,8,0.16666666666666666,0.06896551724137931
544,8_22_s,8,13,7_10_s,7,0.15384615384615385,0.06896551724137931
544,8_22_s,8,14,8_14_s,8,0.21428571428571427,0.10344827586206896
544,8_22_s,8,15,7_14_s,7,0.2,0.10344827586206896
459,5_27_s,5,1,2_21_s,2,0.0,0.0
459,5_27_s,5,2,5_19_s,5,0.5,0.034482758620689655
459,5_27_s,5,3,16_13_s,16,0.3333333333333333,0.034482758620689655
459,5_27_s,5,4,5_10_s,5,0.5,0.06896551724137931
459,5_27_s,5,5,16_12_s,16,0.4,0.06896551724137931
459,5_27_s,5,6,1_17_s,1,0.3333333333333333,0.06896551724137931
459,5_27_s,5,7,5_12_s,5,0.42857142857142855,0.10344827586206896
459,5_27_s,5,8,2_29_s,2,0.375,0.10344827586206896
459,5_27_s,5,9,15_1_s,15,0.3333333333333333,0.10344827586206896
459,5_27_s,5,10,5_26_s,5,0.4,0.13793103448275862
459,5_27_s,5,11,6_21_s,6,0.36363636363636365,0.13793103448275862
459,5_27_s,5,12,6_12_s,6,0.3333333333333333,0.13793103448275862
459,5_27_s,5,13,6_28_s,6,0.3076923076923077,0.13793103448275862
459,5_27_s,5,14,14_21_s,14,0.2857142857142857,0.13793103448275862
459,5_27_s,5,15,3_9_s,3,0.26666666666666666,0.13793103448275862
477,6_16_s,6,1,20_14_s,20,0.0,0.0
477,6_16_s,6,2,19_6_s,19,0.0,0.0
477,6_16_s,6,3,20_15_s,20,0.0,0.0
477,6_16_s,6,4,6_8_s,6,0.25,0.034482758620689655
477,6_16_s,6,5,17_12_s,17,0.2,0.034482758620689655
477,6_16_s,6,6,7_2_s,7,0.16666666666666666,0.034482758620689655
477,6_16_s,6,7,6_2_s,6,0.2857142857142857,0.06896551724137931
477,6_16_s,6,8,7_17_s,7,0.25,0.06896551724137931
477,6_16_s,6,9,3_5_s,3,0.2222222222222222,0.06896551724137931
477,6_16_s,6,10,7_15_s,7,0.2,0.06896551724137931
477,6_16_s,6,11,20_19_s,20,0.18181818181818182,0.06896551724137931
477,6_16_s,6,12,7_5_s,7,0.16666666666666666,0.06896551724137931
477,6_16_s,6,13,7_1_s,7,0.15384615384615385,0.06896551724137931
477,6_16_s,6,14,13_18_s,13,0.14285714285714285,0.06896551724137931
477,6_16_s,6,15,14_29_s,14,0.13333333333333333,0.06896551724137931
538,8_17_s,8,1,12_11_s,12,0.0,0.0
538,8_17_s,8,2,18_18_s,18,0.0,0.0
538,8_17_s,8,3,19_4_s,19,0.0,0.0
538,8_17_s,8,4,12_4_s,12,0.0,0.0
538,8_17_s,8,5,11_26_s,11,0.0,0.0
538,8_17_s,8,6,15_24_s,15,0.0,0.0
538,8_17_s,8,7,8_12_s,8,0.14285714285714285,0.034482758620689655
538,8_17_s,8,8,15_11_s,15,0.125,0.034482758620689655
538,8_17_s,8,9,14_3_s,14,0.1111111111111111,0.034482758620689655
538,8_17_s,8,10,14_24_s,14,0.1,0.034482758620689655
538,8_17_s,8,11,12_10_s,12,0.09090909090909091,0.034482758620689655
538,8_17_s,8,12,18_20_s,18,0.08333333333333333,0.034482758620689655
538,8_17_s,8,13,18_22_s,18,0.07692307692307693,0.034482758620689655
538,8_17_s,8,14,15_4_s,15,0.07142857142857142,0.034482758620689655
538,8_17_s,8,15,16_18_s,16,0.06666666666666667,0.034482758620689655
535,8_14_s,8,1,16_24_s,16,0.0,0.0
535,8_14_s,8,2,16_28_s,16,0.0,0.0
535,8_14_s,8,3,11_19_s,11,0.0,0.0
535,8_14_s,8,4,4_18_s,4,0.0,0.0
535,8_14_s,8,5,8_19_s,8,0.2,0.034482758620689655
535,8_14_s,8,6,15_23_s,15,0.16666666666666666,0.034482758620689655
535,8_14_s,8,7,7_9_s,7,0.14285714285714285,0.034482758620689655
535,8_14_s,8,8,7_10_s,7,0.125,0.034482758620689655
535,8_14_s,8,9,11_7_s,11,0.1111111111111111,0.034482758620689655
535,8_14_s,8,10,16_23_s,16,0.1,0.034482758620689655
535,8_14_s,8,11,7_29_s,7,0.09090909090909091,0.034482758620689655
535,8_14_s,8,12,17_4_s,17,0.08333333333333333,0.034482758620689655
535,8_14_s,8,13,11_15_s,11,0.07692307692307693,0.034482758620689655
535,8_14_s,8,14,11_11_s,11,0.07142857142857142,0.034482758620689655
535,8_14_s,8,15,13_16_s,13,0.06666666666666667,0.034482758620689655
59,11_7_s,11,1,15_23_s,15,0.0,0.0
59,11_7_s,11,2,8_15_s,8,0.0,0.0
59,11_7_s,11,3,7_29_s,7,0.0,0.0
59,11_7_s,11,4,14_15_s,14,0.0,0.0
59,11_7_s,11,5,17_4_s,17,0.0,0.0
59,11_7_s,11,6,8_25_s,8,0.0,0.0
59,11_7_s,11,7,8_1_s,8,0.0,0.0
59,11_7_s,11,8,8_19_s,8,0.0,0.0
59,11_7_s,11,9,6_27_s,6,0.0,0.0
59,11_7_s,11,10,6_10_s,6,0.0,0.0
59,11_7_s,11,11,8_13_s,8,0.0,0.0
59,11_7_s,11,12,13_17_s,13,0.0,0.0
59,11_7_s,11,13,8_26_s,8,0.0,0.0
59,11_7_s,11,14,7_6_s,7,0.0,0.0
59,11_7_s,11,15,8_5_s,8,0.0,0.0
31,10_9_s,10,1,12_28_s,12,0.0,0.0
31,10_9_s,10,2,11_9_s,11,0.0,0.0
31,10_9_s,10,3,14_14_s,14,0.0,0.0
31,10_9_s,10,4,10_11_s,10,0.25,0.03225806451612903
31,10_9_s,10,5,6_13_s,6,0.2,0.03225806451612903
31,10_9_s,10,6,10_24_s,10,0.3333333333333333,0.06451612903225806
31,10_9_s,10,7,11_27_s,11,0.2857142857142857,0.06451612903225806
31,10_9_s,10,8,12_17_s,12,0.25,0.06451612903225806
31,10_9_s,10,9,15_22_s,15,0.2222222222222222,0.06451612903225806
31,10_9_s,10,10,11_20_s,11,0.2,0.06451612903225806
31,10_9_s,10,11,16_23_s,16,0.18181818181818182,0.06451612903225806
31,10_9_s,10,12,10_20_s,10,0.25,0.0967741935483871
31,10_9_s,10,13,7_26_s,7,0.23076923076923078,0.0967741935483871
31,10_9_s,10,14,5_8_s,5,0.21428571428571427,0.0967741935483871
31,10_9_s,10,15,11_5_s,11,0.2,0.0967741935483871
580,9_28_s,9,1,5_30_s,5,0.0,0.0
580,9_28_s,9,2,4_27_s,4,0.0,0.0
580,9_28_s,9,3,9_17_s,9,0.3333333333333333,0.034482758620689655
580,9_28_s,9,4,17_3_s,17,0.25,0.034482758620689655
580,9_28_s,9,5,1_13_s,1,0.2,0.034482758620689655
580,9_28_s,9,6,19_22_s,19,0.16666666666666666,0.034482758620689655
580,9_28_s,9,7,12_20_s,12,0.14285714285714285,0.034482758620689655
580,9_28_s,9,8,1_10_s,1,0.125,0.034482758620689655
580,9_28_s,9,9,9_22_s,9,0.2222222222222222,0.06896551724137931
580,9_28_s,9,10,14_5_s,14,0.2,0.06896551724137931
580,9_28_s,9,11,14_11_s,14,0.18181818181818182,0.06896551724137931
580,9_28_s,9,12,19_10_s,19,0.16666666666666666,0.06896551724137931
580,9_28_s,9,13,12_19_s,12,0.15384615384615385,0.06896551724137931
580,9_28_s,9,14,12_21_s,12,0.14285714285714285,0.06896551724137931
580,9_28_s,9,15,9_4_s,9,0.2,0.10344827586206896
115,13_28_s,13,1,13_7_s,13,1.0,0.034482758620689655
115,13_28_s,13,2,6_20_s,6,0.5,0.034482758620689655
115,13_28_s,13,3,13_14_s,13,0.6666666666666666,0.06896551724137931
115,13_28_s,13,4,13_10_s,13,0.75,0.10344827586206896
115,13_28_s,13,5,6_1_s,6,0.6,0.10344827586206896
115,13_28_s,13,6,13_30_s,13,0.6666666666666666,0.13793103448275862
115,13_28_s,13,7,3_25_s,3,0.5714285714285714,0.13793103448275862
115,13_28_s,13,8,13_5_s,13,0.625,0.1724137931034483
115,13_28_s,13,9,13_8_s,13,0.6666666666666666,0.20689655172413793
115,13_28_s,13,10,13_1_s,13,0.7,0.2413793103448276
115,13_28_s,13,11,13_12_s,13,0.7272727272727273,0.27586206896551724
115,13_28_s,13,12,16_5_s,16,0.6666666666666666,0.27586206896551724
115,13_28_s,13,13,7_18_s,7,0.6153846153846154,0.27586206896551724
115,13_28_s,13,14,13_15_s,13,0.6428571428571429,0.3103448275862069
115,13_28_s,13,15,8_19_s,8,0.6,0.3103448275862069
86,12_32_s,12,1,12_34_s,12,1.0,0.030303030303030304
86,12_32_s,12,2,7_9_s,7,0.5,0.030303030303030304
86,12_32_s,12,3,16_30_s,16,0.3333333333333333,0.030303030303030304
86,12_32_s,12,4,3_8_s,3,0.25,0.030303030303030304
86,12_32_s,12,5,14_10_s,14,0.2,0.030303030303030304
86,12_32_s,12,6,8_19_s,8,0.16666666666666666,0.030303030303030304
86,12_32_s,12,7,13_12_s,13,0.14285714285714285,0.030303030303030304
86,12_32_s,12,8,7_26_s,7,0.125,0.030303030303030304
86,12_32_s,12,9,17_2_s,17,0.1111111111111111,0.030303030303030304
86,12_32_s,12,10,14_15_s,14,0.1,0.030303030303030304
86,12_32_s,12,11,8_5_s,8,0.09090909090909091,0.030303030303030304
86,12_32_s,12,12,10_17_s,10,0.08333333333333333,0.030303030303030304
86,12_32_s,12,13,17_24_s,17,0.07692307692307693,0.030303030303030304
86,12_32_s,12,14,11_27_s,11,0.07142857142857142,0.030303030303030304
86,12_32_s,12,15,6_19_s,6,0.06666666666666667,0.030303030303030304
179,15_9_s,15,1,15_7_s,15,1.0,0.043478260869565216
179,15_9_s,15,2,15_13_s,15,1.0,0.08695652173913043
179,15_9_s,15,3,15_8_s,15,1.0,0.13043478260869565
179,15_9_s,15,4,12_2_s,12,0.75,0.13043478260869565
179,15_9_s,15,5,11_30_s,11,0.6,0.13043478260869565
179,15_9_s,15,6,16_6_s,16,0.5,0.13043478260869565
179,15_9_s,15,7,11_13_s,11,0.42857142857142855,0.13043478260869565
179,15_9_s,15,8,18_21_s,18,0.375,0.13043478260869565
179,15_9_s,15,9,15_2_s,15,0.4444444444444444,0.17391304347826086
179,15_9_s,15,10,18_7_s,18,0.4,0.17391304347826086
179,15_9_s,15,11,18_20_s,18,0.36363636363636365,0.17391304347826086
179,15_9_s,15,12,18_25_s,18,0.3333333333333333,0.17391304347826086
179,15_9_s,15,13,18_18_s,18,0.3076923076923077,0.17391304347826086
179,15_9_s,15,14,8_12_s,8,0.2857142857142857,0.17391304347826086
179,15_9_s,15,15,15_24_s,15,0.3333333333333333,0.21739130434782608
398,3_26_s,3,1,17_13_s,17,0.0,0.0
398,3_26_s,3,2,7_23_s,7,0.0,0.0
398,3_26_s,3,3,4_21_s,4,0.0,0.0
398,3_26_s,3,4,7_13_s,7,0.0,0.0
398,3_26_s,3,5,15_1_s,15,0.0,0.0
398,3_26_s,3,6,2_20_s,2,0.0,0.0
398,3_26_s,3,7,7_16_s,7,0.0,0.0
398,3_26_s,3,8,19_5_s,19,0.0,0.0
398,3_26_s,3,9,3_29_s,3,0.1111111111111111,0.034482758620689655
398,3_26_s,3,10,4_22_s,4,0.1,0.034482758620689655
398,3_26_s,3,11,2_24_s,2,0.09090909090909091,0.034482758620689655
398,3_26_s,3,12,2_12_s,2,0.08333333333333333,0.034482758620689655
398,3_26_s,3,13,2_26_s,2,0.07692307692307693,0.034482758620689655
398,3_26_s,3,14,4_20_s,4,0.07142857142857142,0.034482758620689655
398,3_26_s,3,15,17_17_s,17,0.06666666666666667,0.034482758620689655
53,11_2_s,11,1,12_7_s,12,0.0,0.0
53,11_2_s,11,2,15_12_s,15,0.0,0.0
53,11_2_s,11,3,16_3_s,16,0.0,0.0
53,11_2_s,11,4,14_30_s,14,0.0,0.0
53,11_2_s,11,5,11_14_s,11,0.2,0.034482758620689655
53,11_2_s,11,6,18_26_s,18,0.16666666666666666,0.034482758620689655
53,11_2_s,11,7,16_16_s,16,0.14285714285714285,0.034482758620689655
53,11_2_s,11,8,18_13_s,18,0.125,0.034482758620689655
53,11_2_s,11,9,3_17_s,3,0.1111111111111111,0.034482758620689655
53,11_2_s,11,10,14_26_s,14,0.1,0.034482758620689655
53,11_2_s,11,11,12_3_s,12,0.09090909090909091,0.034482758620689655
53,11_2_s,11,12,4_1_s,4,0.08333333333333333,0.034482758620689655
53,11_2_s,11,13,4_25_s,4,0.07692307692307693,0.034482758620689655
53,11_2_s,11,14,8_18_s,8,0.07142857142857142,0.034482758620689655
53,11_2_s,11,15,11_1_s,11,0.13333333333333333,0.06896551724137931
368,2_26_s,2,1,2_24_s,2,1.0,0.034482758620689655
368,2_26_s,2,2,2_20_s,2,1.0,0.06896551724137931
368,2_26_s,2,3,2_7_s,2,1.0,0.10344827586206896
368,2_26_s,2,4,15_1_s,15,0.75,0.10344827586206896
368,2_26_s,2,5,2_27_s,2,0.8,0.13793103448275862
368,2_26_s,2,6,7_16_s,7,0.6666666666666666,0.13793103448275862
368,2_26_s,2,7,17_30_s,17,0.5714285714285714,0.13793103448275862
368,2_26_s,2,8,2_28_s,2,0.625,0.1724137931034483
368,2_26_s,2,9,17_14_s,17,0.5555555555555556,0.1724137931034483
368,2_26_s,2,10,4_22_s,4,0.5,0.1724137931034483
368,2_26_s,2,11,17_29_s,17,0.45454545454545453,0.1724137931034483
368,2_26_s,2,12,2_12_s,2,0.5,0.20689655172413793
368,2_26_s,2,13,6_28_s,6,0.46153846153846156,0.20689655172413793
368,2_26_s,2,14,3_26_s,3,0.42857142857142855,0.20689655172413793
368,2_26_s,2,15,16_13_s,16,0.4,0.20689655172413793
284,19_23_s,19,1,19_25_s,19,1.0,0.034482758620689655
284,19_23_s,19,2,19_22_s,19,1.0,0.06896551724137931
284,19_23_s,19,3,9_6_s,9,0.6666666666666666,0.06896551724137931
284,19_23_s,19,4,9_7_s,9,0.5,0.06896551724137931
284,19_23_s,19,5,5_7_s,5,0.4,0.06896551724137931
284,19_23_s,19,6,9_2_s,9,0.3333333333333333,0.06896551724137931
284,19_23_s,19,7,10_21_s,10,0.2857142857142857,0.06896551724137931
284,19_23_s,19,8,9_12_s,9,0.25,0.06896551724137931
284,19_23_s,19,9,9_14_s,9,0.2222222222222222,0.06896551724137931
284,19_23_s,19,10,9_18_s,9,0.2,0.06896551724137931
284,19_23_s,19,11,5_24_s,5,0.18181818181818182,0.06896551724137931
284,19_23_s,19,12,5_22_s,5,0.16666666666666666,0.06896551724137931
284,19_23_s,19,13,1_27_s,1,0.15384615384615385,0.06896551724137931
284,19_23_s,19,14,9_15_s,9,0.14285714285714285,0.06896551724137931
284,19_23_s,19,15,9_17_s,9,0.13333333333333333,0.06896551724137931
111,13_24_s,13,1,11_28_s,11,0.0,0.0
111,13_24_s,13,2,13_23_s,13,0.5,0.034482758620689655
111,13_24_s,13,3,13_22_s,13,0.6666666666666666,0.06896551724137931
111,13_24_s,13,4,19_3_s,19,0.5,0.06896551724137931
111,13_24_s,13,5,13_21_s,13,0.6,0.10344827586206896
111,13_24_s,13,6,13_20_s,13,0.6666666666666666,0.13793103448275862
111,13_24_s,13,7,11_24_s,11,0.5714285714285714,0.13793103448275862
111,13_24_s,13,8,6_30_s,6,0.5,0.13793103448275862
111,13_24_s,13,9,16_29_s,16,0.4444444444444444,0.13793103448275862
111,13_24_s,13,10,13_5_s,13,0.5,0.1724137931034483
111,13_24_s,13,11,6_17_s,6,0.45454545454545453,0.1724137931034483
111,13_24_s,13,12,19_20_s,19,0.4166666666666667,0.1724137931034483
111,13_24_s,13,13,13_9_s,13,0.46153846153846156,0.20689655172413793
111,13_24_s,13,14,5_12_s,5,0.42857142857142855,0.20689655172413793
111,13_24_s,13,15,13_27_s,13,0.4666666666666667,0.2413793103448276
404,3_3_s,3,1,2_23_s,2,0.0,0.0
404,3_3_s,3,2,2_4_s,2,0.0,0.0
404,3_3_s,3,3,2_5_s,2,0.0,0.0
404,3_3_s,3,4,4_19_s,4,0.0,0.0
404,3_3_s,3,5,2_10_s,2,0.0,0.0
404,3_3_s,3,6,11_22_s,11,0.0,0.0
404,3_3_s,3,7,2_8_s,2,0.0,0.0
404,3_3_s,3,8,4_2_s,4,0.0,0.0
404,3_3_s,3,9,2_3_s,2,0.0,0.0
404,3_3_s,3,10,7_27_s,7,0.0,0.0
404,3_3_s,3,11,3_24_s,3,0.09090909090909091,0.034482758620689655
404,3_3_s,3,12,3_22_s,3,0.16666666666666666,0.06896551724137931
404,3_3_s,3,13,4_23_s,4,0.15384615384615385,0.06896551724137931
404,3_3_s,3,14,3_23_s,3,0.21428571428571427,0.10344827586206896
404,3_3_s,3,15,4_27_s,4,0.2,0.10344827586206896
220,17_1_s,17,1,3_5_s,3,0.0,0.0
220,17_1_s,17,2,8_2_s,8,0.0,0.0
220,17_1_s,17,3,18_24_s,18,0.0,0.0
220,17_1_s,17,4,7_3_s,7,0.0,0.0
220,17_1_s,17,5,17_20_s,17,0.2,0.034482758620689655
220,17_1_s,17,6,19_6_s,19,0.16666666666666666,0.034482758620689655
220,17_1_s,17,7,8_23_s,8,0.14285714285714285,0.034482758620689655
220,17_1_s,17,8,19_4_s,19,0.125,0.034482758620689655
220,17_1_s,17,9,3_2_s,3,0.1111111111111111,0.034482758620689655
220,17_1_s,17,10,7_15_s,7,0.1,0.034482758620689655
220,17_1_s,17,11,17_16_s,17,0.18181818181818182,0.06896551724137931
220,17_1_s,17,12,7_24_s,7,0.16666666666666666,0.06896551724137931
220,17_1_s,17,13,7_4_s,7,0.15384615384615385,0.06896551724137931
220,17_1_s,17,14,7_12_s,7,0.14285714285714285,0.06896551724137931
220,17_1_s,17,15,15_5_s,15,0.13333333333333333,0.06896551724137931
585,9_4_s,9,1,5_5_s,5,0.0,0.0
585,9_4_s,9,2,10_26_s,10,0.0,0.0
585,9_4_s,9,3,9_6_s,9,0.3333333333333333,0.034482758620689655
585,9_4_s,9,4,9_8_s,9,0.5,0.06896551724137931
585,9_4_s,9,5,1_27_s,1,0.4,0.06896551724137931
585,9_4_s,9,6,9_15_s,9,0.5,0.10344827586206896
585,9_4_s,9,7,14_11_s,14,0.42857142857142855,0.10344827586206896
585,9_4_s,9,8,19_22_s,19,0.375,0.10344827586206896
585,9_4_s,9,9,5_7_s,5,0.3333333333333333,0.10344827586206896
585,9_4_s,9,10,1_10_s,1,0.3,0.10344827586206896
585,9_4_s,9,11,12_21_s,12,0.2727272727272727,0.10344827586206896
585,9_4_s,9,12,5_22_s,5,0.25,0.10344827586206896
585,9_4_s,9,13,12_19_s,12,0.23076923076923078,0.10344827586206896
585,9_4_s,9,14,17_3_s,17,0.21428571428571427,0.10344827586206896
585,9_4_s,9,15,1_5_s,1,0.2,0.10344827586206896
490,6_28_s,6,1,7_16_s,7,0.0,0.0
490,6_28_s,6,2,7_7_s,7,0.0,0.0
490,6_28_s,6,3,2_12_s,2,0.0,0.0
490,6_28_s,6,4,6_3_s,6,0.25,0.034482758620689655
490,6_28_s,6,5,6_15_s,6,0.4,0.06896551724137931
490,6_28_s,6,6,17_29_s,17,0.3333333333333333,0.06896551724137931
490,6_28_s,6,7,15_1_s,15,0.2857142857142857,0.06896551724137931
490,6_28_s,6,8,17_23_s,17,0.25,0.06896551724137931
490,6_28_s,6,9,17_5_s,17,0.2222222222222222,0.06896551724137931
490,6_28_s,6,10,7_23_s,7,0.2,0.06896551724137931
490,6_28_s,6,11,8_4_s,8,0.18181818181818182,0.06896551724137931
490,6_28_s,6,12,17_30_s,17,0.16666666666666666,0.06896551724137931
490,6_28_s,6,13,2_26_s,2,0.15384615384615385,0.06896551724137931
490,6_28_s,6,14,3_29_s,3,0.14285714285714285,0.06896551724137931
490,6_28_s,6,15,3_9_s,3,0.13333333333333333,0.06896551724137931
516,7_24_s,7,1,7_12_s,7,1.0,0.034482758620689655
516,7_24_s,7,2,8_24_s,8,0.5,0.034482758620689655
516,7_24_s,7,3,8_6_s,8,0.3333333333333333,0.034482758620689655
516,7_24_s,7,4,14_6_s,14,0.25,0.034482758620689655
516,7_24_s,7,5,8_23_s,8,0.2,0.034482758620689655
516,7_24_s,7,6,7_15_s,7,0.3333333333333333,0.06896551724137931
516,7_24_s,7,7,15_10_s,15,0.2857142857142857,0.06896551724137931
516,7_24_s,7,8,4_8_s,4,0.25,0.06896551724137931
516,7_24_s,7,9,8_2_s,8,0.2222222222222222,0.06896551724137931
516,7_24_s,7,10,7_4_s,7,0.3,0.10344827586206896
516,7_24_s,7,11,14_27_s,14,0.2727272727272727,0.10344827586206896
516,7_24_s,7,12,8_26_s,8,0.25,0.10344827586206896
516,7_24_s,7,13,17_20_s,17,0.23076923076923078,0.10344827586206896
516,7_24_s,7,14,18_24_s,18,0.21428571428571427,0.10344827586206896
516,7_24_s,7,15,8_10_s,8,0.2,0.10344827586206896
112,13_25_s,13,1,13_15_s,13,1.0,0.034482758620689655
112,13_25_s,13,2,10_22_s,10,0.5,0.034482758620689655
112,13_25_s,13,3,10_32_s,10,0.3333333333333333,0.034482758620689655
112,13_25_s,13,4,15_17_s,15,0.25,0.034482758620689655
112,13_25_s,13,5,13_5_s,13,0.4,0.06896551724137931
112,13_25_s,13,6,13_9_s,13,0.5,0.10344827586206896
112,13_25_s,13,7,13_10_s,13,0.5714285714285714,0.13793103448275862
112,13_25_s,13,8,13_22_s,13,0.625,0.1724137931034483
112,13_25_s,13,9,13_8_s,13,0.6666666666666666,0.20689655172413793
112,13_25_s,13,10,13_23_s,13,0.7,0.2413793103448276
112,13_25_s,13,11,7_19_s,7,0.6363636363636364,0.2413793103448276
112,13_25_s,13,12,13_1_s,13,0.6666666666666666,0.27586206896551724
112,13_25_s,13,13,13_27_s,13,0.6923076923076923,0.3103448275862069
112,13_25_s,13,14,13_2_s,13,0.7142857142857143,0.3448275862068966
112,13_25_s,13,15,10_25_s,10,0.6666666666666666,0.3448275862068966
473,6_12_s,6,1,6_15_s,6,1.0,0.034482758620689655
473,6_12_s,6,2,8_8_s,8,0.5,0.034482758620689655
473,6_12_s,6,3,20_18_s,20,0.3333333333333333,0.034482758620689655
473,6_12_s,6,4,5_12_s,5,0.25,0.034482758620689655
473,6_12_s,6,5,20_14_s,20,0.2,0.034482758620689655
473,6_12_s,6,6,19_27_s,19,0.16666666666666666,0.034482758620689655
473,6_12_s,6,7,13_22_s,13,0.14285714285714285,0.034482758620689655
473,6_12_s,6,8,16_29_s,16,0.125,0.034482758620689655
473,6_12_s,6,9,2_1_s,2,0.1111111111111111,0.034482758620689655
473,6_12_s,6,10,6_17_s,6,0.2,0.06896551724137931
473,6_12_s,6,11,13_3_s,13,0.18181818181818182,0.06896551724137931
473,6_12_s,6,12,7_8_s,7,0.16666666666666666,0.06896551724137931
473,6_12_s,6,13,13_18_s,13,0.15384615384615385,0.06896551724137931
473,6_12_s,6,14,6_16_s,6,0.21428571428571427,0.10344827586206896
473,6_12_s,6,15,7_17_s,7,0.2,0.10344827586206896
574,9_22_s,9,1,9_17_s,9,1.0,0.034482758620689655
574,9_22_s,9,2,1_15_s,1,0.5,0.034482758620689655
574,9_22_s,9,3,19_22_s,19,0.3333333333333333,0.034482758620689655
574,9_22_s,9,4,12_20_s,12,0.25,0.034482758620689655
574,9_22_s,9,5,9_18_s,9,0.4,0.06896551724137931
574,9_22_s,9,6,1_6_s,1,0.3333333333333333,0.06896551724137931
574,9_22_s,9,7,12_29_s,12,0.2857142857142857,0.06896551724137931
574,9_22_s,9,8,9_7_s,9,0.375,0.10344827586206896
574,9_22_s,9,9,12_30_s,12,0.3333333333333333,0.10344827586206896
574,9_22_s,9,10,4_16_s,4,0.3,0.10344827586206896
574,9_22_s,9,11,12_19_s,12,0.2727272727272727,0.10344827586206896
574,9_22_s,9,12,9_26_s,9,0.3333333333333333,0.13793103448275862
574,9_22_s,9,13,1_5_s,1,0.3076923076923077,0.13793103448275862
574,9_22_s,9,14,9_13_s,9,0.35714285714285715,0.1724137931034483
574,9_22_s,9,15,1_7_s,1,0.3333333333333333,0.1724137931034483
375,2_4_s,2,1,2_2_s,2,1.0,0.034482758620689655
375,2_4_s,2,2,3_3_s,3,0.5,0.034482758620689655
375,2_4_s,2,3,2_5_s,2,0.6666666666666666,0.06896551724137931
375,2_4_s,2,4,3_24_s,3,0.5,0.06896551724137931
375,2_4_s,2,5,20_18_s,20,0.4,0.06896551724137931
375,2_4_s,2,6,3_22_s,3,0.3333333333333333,0.06896551724137931
375,2_4_s,2,7,2_10_s,2,0.42857142857142855,0.10344827586206896
375,2_4_s,2,8,2_23_s,2,0.5,0.13793103448275862
375,2_4_s,2,9,4_27_s,4,0.4444444444444444,0.13793103448275862
375,2_4_s,2,10,2_3_s,2,0.5,0.1724137931034483
375,2_4_s,2,11,20_14_s,20,0.45454545454545453,0.1724137931034483
375,2_4_s,2,12,4_9_s,4,0.4166666666666667,0.1724137931034483
375,2_4_s,2,13,18_14_s,18,0.38461538461538464,0.1724137931034483
375,2_4_s,2,14,2_1_s,2,0.42857142857142855,0.20689655172413793
375,2_4_s,2,15,18_27_s,18,0.4,0.20689655172413793
385,3_14_s,3,1,9_29_s,9,0.0,0.0
385,3_14_s,3,2,16_22_s,16,0.0,0.0
385,3_14_s,3,3,1_26_s,1,0.0,0.0
385,3_14_s,3,4,9_10_s,9,0.0,0.0
385,3_14_s,3,5,7_21_s,7,0.0,0.0
385,3_14_s,3,6,8_27_s,8,0.0,0.0
385,3_14_s,3,7,15_24_s,15,0.0,0.0
385,3_14_s,3,8,16_21_s,16,0.0,0.0
385,3_14_s,3,9,14_17_s,14,0.0,0.0
385,3_14_s,3,10,12_10_s,12,0.0,0.0
385,3_14_s,3,11,15_21_s,15,0.0,0.0
385,3_14_s,3,12,15_4_s,15,0.0,0.0
385,3_14_s,3,13,14_22_s,14,0.0,0.0
385,3_14_s,3,14,1_18_s,1,0.0,0.0
385,3_14_s,3,15,8_13_s,8,0.0,0.0
135,14_19_s,14,1,14_18_s,14,1.0,0.034482758620689655
135,14_19_s,14,2,12_23_s,12,0.5,0.034482758620689655
135,14_19_s,14,3,1_23_s,1,0.3333333333333333,0.034482758620689655
135,14_19_s,14,4,9_9_s,9,0.25,0.034482758620689655
135,14_19_s,14,5,1_30_s,1,0.2,0.034482758620689655
135,14_19_s,14,6,1_9_s,1,0.16666666666666666,0.034482758620689655
135,14_19_s,14,7,14_7_s,14,0.2857142857142857,0.06896551724137931
135,14_19_s,14,8,14_17_s,14,0.375,0.10344827586206896
135,14_19_s,14,9,14_8_s,14,0.4444444444444444,0.13793103448275862
135,14_19_s,14,10,19_18_s,19,0.4,0.13793103448275862
135,14_19_s,14,11,19_16_s,19,0.36363636363636365,0.13793103448275862
135,14_19_s,14,12,1_16_s,1,0.3333333333333333,0.13793103448275862
135,14_19_s,14,13,1_19_s,1,0.3076923076923077,0.13793103448275862
135,14_19_s,14,14,5_29_s,5,0.2857142857142857,0.13793103448275862
135,14_19_s,14,15,5_14_s,5,0.26666666666666666,0.13793103448275862
198,16_27_s,16,1,3_7_s,3,0.0,0.0
198,16_27_s,16,2,8_28_s,8,0.0,0.0
198,16_27_s,16,3,18_24_s,18,0.0,0.0
198,16_27_s,16,4,7_3_s,7,0.0,0.0
198,16_27_s,16,5,8_27_s,8,0.0,0.0
198,16_27_s,16,6,14_23_s,14,0.0,0.0
198,16_27_s,16,7,5_9_s,5,0.0,0.0
198,16_27_s,16,8,12_33_s,12,0.0,0.0
198,16_27_s,16,9,20_14_s,20,0.0,0.0
198,16_27_s,16,10,14_22_s,14,0.0,0.0
198,16_27_s,16,11,6_29_s,6,0.0,0.0
198,16_27_s,16,12,3_2_s,3,0.0,0.0
198,16_27_s,16,13,12_11_s,12,0.0,0.0
198,16_27_s,16,14,7_20_s,7,0.0,0.0
198,16_27_s,16,15,3_30_s,3,0.0,0.0
103,13_17_s,13,1,8_1_s,8,0.0,0.0
103,13_17_s,13,2,6_27_s,6,0.0,0.0
103,13_17_s,13,3,8_15_s,8,0.0,0.0
103,13_17_s,13,4,6_1_s,6,0.0,0.0
103,13_17_s,13,5,7_29_s,7,0.0,0.0
103,13_17_s,13,6,13_7_s,13,0.16666666666666666,0.034482758620689655
103,13_17_s,13,7,8_25_s,8,0.14285714285714285,0.034482758620689655
103,13_17_s,13,8,11_7_s,11,0.125,0.034482758620689655
103,13_17_s,13,9,6_10_s,6,0.1111111111111111,0.034482758620689655
103,13_17_s,13,10,15_23_s,15,0.1,0.034482758620689655
103,13_17_s,13,11,14_15_s,14,0.09090909090909091,0.034482758620689655
103,13_17_s,13,12,6_20_s,6,0.08333333333333333,0.034482758620689655
103,13_17_s,13,13,7_6_s,7,0.07692307692307693,0.034482758620689655
103,13_17_s,13,14,17_4_s,17,0.07142857142857142,0.034482758620689655
103,13_17_s,13,15,14_22_s,14,0.06666666666666667,0.034482758620689655
494,6_3_s,6,1,8_4_s,8,0.0,0.0
494,6_3_s,6,2,6_22_s,6,0.5,0.034482758620689655
494,6_3_s,6,3,6_19_s,6,0.6666666666666666,0.06896551724137931
494,6_3_s,6,4,6_28_s,6,0.75,0.10344827586206896
494,6_3_s,6,5,6_15_s,6,0.8,0.13793103448275862
494,6_3_s,6,6,17_5_s,17,0.6666666666666666,0.13793103448275862
494,6_3_s,6,7,8_16_s,8,0.5714285714285714,0.13793103448275862
494,6_3_s,6,8,7_23_s,7,0.5,0.13793103448275862
494,6_3_s,6,9,7_16_s,7,0.4444444444444444,0.13793103448275862
494,6_3_s,6,10,17_13_s,17,0.4,0.13793103448275862
494,6_3_s,6,11,8_1_s,8,0.36363636363636365,0.13793103448275862
494,6_3_s,6,12,3_8_s,3,0.3333333333333333,0.13793103448275862
494,6_3_s,6,13,7_28_s,7,0.3076923076923077,0.13793103448275862
494,6_3_s,6,14,6_20_s,6,0.35714285714285715,0.1724137931034483
494,6_3_s,6,15,7_18_s,7,0.3333333333333333,0.1724137931034483
191,16_20_s,16,1,19_21_s,19,0.0,0.0
191,16_20_s,16,2,14_8_s,14,0.0,0.0
191,16_20_s,16,3,14_7_s,14,0.0,0.0
191,16_20_s,16,4,14_5_s,14,0.0,0.0
191,16_20_s,16,5,16_21_s,16,0.2,0.034482758620689655
191,16_20_s,16,6,19_17_s,19,0.16666666666666666,0.034482758620689655
191,16_20_s,16,7,19_10_s,19,0.14285714285714285,0.034482758620689655
191,16_20_s,16,8,14_11_s,14,0.125,0.034482758620689655
191,16_20_s,16,9,17_3_s,17,0.1111111111111111,0.034482758620689655
191,16_20_s,16,10,4_27_s,4,0.1,0.034482758620689655
191,16_20_s,16,11,19_9_s,19,0.09090909090909091,0.034482758620689655
191,16_20_s,16,12,19_26_s,19,0.08333333333333333,0.034482758620689655
191,16_20_s,16,13,12_27_s,12,0.07692307692307693,0.034482758620689655
191,16_20_s,16,14,1_19_s,1,0.07142857142857142,0.034482758620689655
191,16_20_s,16,15,16_22_s,16,0.13333333333333333,0.06896551724137931
484,6_22_s,6,1,6_3_s,6,1.0,0.034482758620689655
484,6_22_s,6,2,19_5_s,19,0.5,0.034482758620689655
484,6_22_s,6,3,6_19_s,6,0.6666666666666666,0.06896551724137931
484,6_22_s,6,4,8_4_s,8,0.5,0.06896551724137931
484,6_22_s,6,5,3_8_s,3,0.4,0.06896551724137931
484,6_22_s,6,6,3_30_s,3,0.3333333333333333,0.06896551724137931
484,6_22_s,6,7,7_16_s,7,0.2857142857142857,0.06896551724137931
484,6_22_s,6,8,17_13_s,17,0.25,0.06896551724137931
484,6_22_s,6,9,7_17_s,7,0.2222222222222222,0.06896551724137931
484,6_22_s,6,10,20_14_s,20,0.2,0.06896551724137931
484,6_22_s,6,11,17_29_s,17,0.18181818181818182,0.06896551724137931
484,6_22_s,6,12,7_1_s,7,0.16666666666666666,0.06896551724137931
484,6_22_s,6,13,7_2_s,7,0.15384615384615385,0.06896551724137931
484,6_22_s,6,14,17_26_s,17,0.14285714285714285,0.06896551724137931
484,6_22_s,6,15,7_23_s,7,0.13333333333333333,0.06896551724137931
20,10_29_s,10,1,13_13_s,13,0.0,0.0
20,10_29_s,10,2,13_10_s,13,0.0,0.0
20,10_29_s,10,3,13_8_s,13,0.0,0.0
20,10_29_s,10,4,10_25_s,10,0.25,0.03225806451612903
20,10_29_s,10,5,11_18_s,11,0.2,0.03225806451612903
20,10_29_s,10,6,13_11_s,13,0.16666666666666666,0.03225806451612903
20,10_29_s,10,7,13_1_s,13,0.14285714285714285,0.03225806451612903
20,10_29_s,10,8,13_12_s,13,0.125,0.03225806451612903
20,10_29_s,10,9,13_14_s,13,0.1111111111111111,0.03225806451612903
20,10_29_s,10,10,13_6_s,13,0.1,0.03225806451612903
20,10_29_s,10,11,10_22_s,10,0.18181818181818182,0.06451612903225806
20,10_29_s,10,12,13_15_s,13,0.16666666666666666,0.06451612903225806
20,10_29_s,10,13,13_16_s,13,0.15384615384615385,0.06451612903225806
20,10_29_s,10,14,11_21_s,11,0.14285714285714285,0.06451612903225806
20,10_29_s,10,15,10_20_s,10,0.2,0.0967741935483871
121,13_5_s,13,1,13_15_s,13,1.0,0.034482758620689655
121,13_5_s,13,2,13_1_s,13,1.0,0.06896551724137931
121,13_5_s,13,3,13_10_s,13,1.0,0.10344827586206896
121,13_5_s,13,4,13_9_s,13,1.0,0.13793103448275862
121,13_5_s,13,5,13_8_s,13,1.0,0.1724137931034483
121,13_5_s,13,6,15_20_s,15,0.8333333333333334,0.1724137931034483
121,13_5_s,13,7,10_22_s,10,0.7142857142857143,0.1724137931034483
121,13_5_s,13,8,15_19_s,15,0.625,0.1724137931034483
121,13_5_s,13,9,7_28_s,7,0.5555555555555556,0.1724137931034483
121,13_5_s,13,10,16_5_s,16,0.5,0.1724137931034483
121,13_5_s,13,11,13_7_s,13,0.5454545454545454,0.20689655172413793
121,13_5_s,13,12,8_4_s,8,0.5,0.20689655172413793
121,13_5_s,13,13,7_18_s,7,0.46153846153846156,0.20689655172413793
121,13_5_s,13,14,6_3_s,6,0.42857142857142855,0.20689655172413793
121,13_5_s,13,15,13_14_s,13,0.4666666666666667,0.2413793103448276
287,19_26_s,19,1,19_17_s,19,1.0,0.034482758620689655
287,19_26_s,19,2,19_21_s,19,1.0,0.06896551724137931
287,19_26_s,19,3,5_21_s,5,0.6666666666666666,0.06896551724137931
287,19_26_s,19,4,16_20_s,16,0.5,0.06896551724137931
287,19_26_s,19,5,14_5_s,14,0.4,0.06896551724137931
287,19_26_s,19,6,5_12_s,5,0.3333333333333333,0.06896551724137931
287,19_26_s,19,7,14_7_s,14,0.2857142857142857,0.06896551724137931
287,19_26_s,19,8,1_26_s,1,0.25,0.06896551724137931
287,19_26_s,19,9,9_10_s,9,0.2222222222222222,0.06896551724137931
287,19_26_s,19,10,19_18_s,19,0.3,0.10344827586206896
287,19_26_s,19,11,16_21_s,16,0.2727272727272727,0.10344827586206896
287,19_26_s,19,12,3_9_s,3,0.25,0.10344827586206896
287,19_26_s,19,13,1_18_s,1,0.23076923076923078,0.10344827586206896
287,19_26_s,19,14,6_15_s,6,0.21428571428571427,0.10344827586206896
287,19_26_s,19,15,1_23_s,1,0.2,0.10344827586206896
456,5_24_s,5,1,9_7_s,9,0.0,0.0
456,5_24_s,5,2,1_3_s,1,0.0,0.0
456,5_24_s,5,3,10_26_s,10,0.0,0.0
456,5_24_s,5,4,1_5_s,1,0.0,0.0
456,5_24_s,5,5,9_13_s,9,0.0,0.0
456,5_24_s,5,6,9_17_s,9,0.0,0.0
456,5_24_s,5,7,19_22_s,19,0.0,0.0
456,5_24_s,5,8,10_6_s,10,0.0,0.0
456,5_24_s,5,9,9_22_s,9,0.0,0.0
456,5_24_s,5,10,9_5_s,9,0.0,0.0
456,5_24_s,5,11,12_19_s,12,0.0,0.0
456,5_24_s,5,12,1_10_s,1,0.0,0.0
456,5_24_s,5,13,1_4_s,1,0.0,0.0
456,5_24_s,5,14,12_20_s,12,0.0,0.0
456,5_24_s,5,15,1_27_s,1,0.0,0.0
464,5_3_s,5,1,13_4_s,13,0.0,0.0
464,5_3_s,5,2,6_26_s,6,0.0,0.0
464,5_3_s,5,3,9_1_s,9,0.0,0.0
464,5_3_s,5,4,5_22_s,5,0.25,0.034482758620689655
464,5_3_s,5,5,9_3_s,9,0.2,0.034482758620689655
464,5_3_s,5,6,9_8_s,9,0.16666666666666666,0.034482758620689655
464,5_3_s,5,7,14_10_s,14,0.14285714285714285,0.034482758620689655
464,5_3_s,5,8,5_7_s,5,0.25,0.06896551724137931
464,5_3_s,5,9,5_6_s,5,0.3333333333333333,0.10344827586206896
464,5_3_s,5,10,19_15_s,19,0.3,0.10344827586206896
464,5_3_s,5,11,13_1_s,13,0.2727272727272727,0.10344827586206896
464,5_3_s,5,12,1_2_s,1,0.25,0.10344827586206896
464,5_3_s,5,13,15_19_s,15,0.23076923076923078,0.10344827586206896
464,5_3_s,5,14,15_20_s,15,0.21428571428571427,0.10344827586206896
464,5_3_s,5,15,14_20_s,14,0.2,0.10344827586206896
232,17_30_s,17,1,17_29_s,17,1.0,0.034482758620689655
232,17_30_s,17,2,7_16_s,7,0.5,0.034482758620689655
232,17_30_s,17,3,3_30_s,3,0.3333333333333333,0.034482758620689655
232,17_30_s,17,4,2_12_s,2,0.25,0.034482758620689655
232,17_30_s,17,5,2_26_s,2,0.2,0.034482758620689655
232,17_30_s,17,6,17_23_s,17,0.3333333333333333,0.06896551724137931
232,17_30_s,17,7,4_22_s,4,0.2857142857142857,0.06896551724137931
232,17_30_s,17,8,10_2_s,10,0.25,0.06896551724137931
232,17_30_s,17,9,6_28_s,6,0.2222222222222222,0.06896551724137931
232,17_30_s,17,10,7_27_s,7,0.2,0.06896551724137931
232,17_30_s,17,11,19_5_s,19,0.18181818181818182,0.06896551724137931
232,17_30_s,17,12,17_6_s,17,0.25,0.10344827586206896
232,17_30_s,17,13,7_7_s,7,0.23076923076923078,0.10344827586206896
232,17_30_s,17,14,15_1_s,15,0.21428571428571427,0.10344827586206896
232,17_30_s,17,15,2_24_s,2,0.2,0.10344827586206896
229,17_28_s,17,1,3_30_s,3,0.0,0.0
229,17_28_s,17,2,7_27_s,7,0.0,0.0
229,17_28_s,17,3,10_2_s,10,0.0,0.0
229,17_28_s,17,4,17_2_s,17,0.25,0.034482758620689655
229,17_28_s,17,5,14_13_s,14,0.2,0.034482758620689655
229,17_28_s,17,6,17_5_s,17,0.3333333333333333,0.06896551724137931
229,17_28_s,17,7,16_26_s,16,0.2857142857142857,0.06896551724137931
229,17_28_s,17,8,14_12_s,14,0.25,0.06896551724137931
229,17_28_s,17,9,8_26_s,8,0.2222222222222222,0.06896551724137931
229,17_28_s,17,10,8_28_s,8,0.2,0.06896551724137931
229,17_28_s,17,11,7_28_s,7,0.18181818181818182,0.06896551724137931
229,17_28_s,17,12,12_9_s,12,0.16666666666666666,0.06896551724137931
229,17_28_s,17,13,7_29_s,7,0.15384615384615385,0.06896551724137931
229,17_28_s,17,14,17_29_s,17,0.21428571428571427,0.10344827586206896
229,17_28_s,17,15,8_25_s,8,0.2,0.10344827586206896
336,20_16_s,20,1,8_29_s,8,0.0,0.0
336,20_16_s,20,2,8_30_s,8,0.0,0.0
336,20_16_s,20,3,17_9_s,17,0.0,0.0
336,20_16_s,20,4,18_6_s,18,0.0,0.0
336,20_16_s,20,5,17_21_s,17,0.0,0.0
336,20_16_s,20,6,3_28_s,3,0.0,0.0
336,20_16_s,20,7,12_13_s,12,0.0,0.0
336,20_16_s,20,8,8_21_s,8,0.0,0.0
336,20_16_s,20,9,19_12_s,19,0.0,0.0
336,20_16_s,20,10,14_29_s,14,0.0,0.0
336,20_16_s,20,11,17_11_s,17,0.0,0.0
336,20_16_s,20,12,20_5_s,20,0.08333333333333333,0.05
336,20_16_s,20,13,18_17_s,18,0.07692307692307693,0.05
336,20_16_s,20,14,7_5_s,7,0.07142857142857142,0.05
336,20_16_s,20,15,17_8_s,17,0.06666666666666667,0.05
104,13_18_s,13,1,7_3_s,7,0.0,0.0
104,13_18_s,13,2,6_2_s,6,0.0,0.0
104,13_18_s,13,3,6_4_s,6,0.0,0.0
104,13_18_s,13,4,20_14_s,20,0.0,0.0
104,13_18_s,13,5,6_16_s,6,0.0,0.0
104,13_18_s,13,6,3_2_s,3,0.0,0.0
104,13_18_s,13,7,16_22_s,16,0.0,0.0
104,13_18_s,13,8,3_5_s,3,0.0,0.0
104,13_18_s,13,9,7_15_s,7,0.0,0.0
104,13_18_s,13,10,7_21_s,7,0.0,0.0
104,13_18_s,13,11,7_17_s,7,0.0,0.0
104,13_18_s,13,12,7_4_s,7,0.0,0.0
104,13_18_s,13,13,14_22_s,14,0.0,0.0
104,13_18_s,13,14,8_2_s,8,0.0,0.0
104,13_18_s,13,15,7_2_s,7,0.0,0.0
158,15_12_s,15,1,14_30_s,14,0.0,0.0
158,15_12_s,15,2,16_3_s,16,0.0,0.0
158,15_12_s,15,3,3_17_s,3,0.0,0.0
158,15_12_s,15,4,18_13_s,18,0.0,0.0
158,15_12_s,15,5,11_14_s,11,0.0,0.0
158,15_12_s,15,6,16_16_s,16,0.0,0.0
158,15_12_s,15,7,18_26_s,18,0.0,0.0
158,15_12_s,15,8,8_18_s,8,0.0,0.0
158,15_12_s,15,9,12_3_s,12,0.0,0.0
158,15_12_s,15,10,11_2_s,11,0.0,0.0
158,15_12_s,15,11,4_1_s,4,0.0,0.0
158,15_12_s,15,12,16_7_s,16,0.0,0.0
158,15_12_s,15,13,14_26_s,14,0.0,0.0
158,15_12_s,15,14,20_20_s,20,0.0,0.0
158,15_12_s,15,15,16_11_s,16,0.0,0.0
165,15_19_s,15,1,15_20_s,15,1.0,0.043478260869565216
165,15_19_s,15,2,8_1_s,8,0.5,0.043478260869565216
165,15_19_s,15,3,16_5_s,16,0.3333333333333333,0.043478260869565216
165,15_19_s,15,4,17_2_s,17,0.25,0.043478260869565216
165,15_19_s,15,5,13_9_s,13,0.2,0.043478260869565216
165,15_19_s,15,6,14_15_s,14,0.16666666666666666,0.043478260869565216
165,15_19_s,15,7,13_1_s,13,0.14285714285714285,0.043478260869565216
165,15_19_s,15,8,7_28_s,7,0.125,0.043478260869565216
165,15_19_s,15,9,7_18_s,7,0.1111111111111111,0.043478260869565216
165,15_19_s,15,10,6_26_s,6,0.1,0.043478260869565216
165,15_19_s,15,11,13_5_s,13,0.09090909090909091,0.043478260869565216
165,15_19_s,15,12,13_7_s,13,0.08333333333333333,0.043478260869565216
165,15_19_s,15,13,14_20_s,14,0.07692307692307693,0.043478260869565216
165,15_19_s,15,14,19_15_s,19,0.07142857142857142,0.043478260869565216
165,15_19_s,15,15,13_17_s,13,0.06666666666666667,0.043478260869565216
228,17_27_s,17,1,2_3_s,2,0.0,0.0
228,17_27_s,17,2,2_1_s,2,0.0,0.0
228,17_27_s,17,3,20_18_s,20,0.0,0.0
228,17_27_s,17,4,3_3_s,3,0.0,0.0
228,17_27_s,17,5,2_23_s,2,0.0,0.0
228,17_27_s,17,6,2_4_s,2,0.0,0.0
228,17_27_s,17,7,2_10_s,2,0.0,0.0
228,17_27_s,17,8,4_27_s,4,0.0,0.0
228,17_27_s,17,9,16_20_s,16,0.0,0.0
228,17_27_s,17,10,14_5_s,14,0.0,0.0
228,17_27_s,17,11,6_12_s,6,0.0,0.0
228,17_27_s,17,12,14_11_s,14,0.0,0.0
228,17_27_s,17,13,17_3_s,17,0.07692307692307693,0.034482758620689655
228,17_27_s,17,14,19_10_s,19,0.07142857142857142,0.034482758620689655
228,17_27_s,17,15,11_22_s,11,0.06666666666666667,0.034482758620689655
571,9_1_s,9,1,9_3_s,9,1.0,0.034482758620689655
571,9_1_s,9,2,14_20_s,14,0.5,0.034482758620689655
571,9_1_s,9,3,14_10_s,14,0.3333333333333333,0.034482758620689655
571,9_1_s,9,4,14_9_s,14,0.25,0.034482758620689655
571,9_1_s,9,5,5_6_s,5,0.2,0.034482758620689655
571,9_1_s,9,6,14_15_s,14,0.16666666666666666,0.034482758620689655
571,9_1_s,9,7,1_2_s,1,0.14285714285714285,0.034482758620689655
571,9_1_s,9,8,5_17_s,5,0.125,0.034482758620689655
571,9_1_s,9,9,6_26_s,6,0.1111111111111111,0.034482758620689655
571,9_1_s,9,10,3_8_s,3,0.1,0.034482758620689655
571,9_1_s,9,11,9_14_s,9,0.18181818181818182,0.06896551724137931
571,9_1_s,9,12,10_12_s,10,0.16666666666666666,0.06896551724137931
571,9_1_s,9,13,17_2_s,17,0.15384615384615385,0.06896551724137931
571,9_1_s,9,14,13_12_s,13,0.14285714285714285,0.06896551724137931
571,9_1_s,9,15,7_18_s,7,0.13333333333333333,0.06896551724137931
432,4_2_s,4,1,4_4_s,4,1.0,0.034482758620689655
432,4_2_s,4,2,3_3_s,3,0.5,0.034482758620689655
432,4_2_s,4,3,2_5_s,2,0.3333333333333333,0.034482758620689655
432,4_2_s,4,4,4_3_s,4,0.5,0.06896551724137931
432,4_2_s,4,5,2_23_s,2,0.4,0.06896551724137931
432,4_2_s,4,6,9_2_s,9,0.3333333333333333,0.06896551724137931
432,4_2_s,4,7,3_15_s,3,0.2857142857142857,0.06896551724137931
432,4_2_s,4,8,4_19_s,4,0.375,0.10344827586206896
432,4_2_s,4,9,19_25_s,19,0.3333333333333333,0.10344827586206896
432,4_2_s,4,10,2_8_s,2,0.3,0.10344827586206896
432,4_2_s,4,11,17_3_s,17,0.2727272727272727,0.10344827586206896
432,4_2_s,4,12,3_11_s,3,0.25,0.10344827586206896
432,4_2_s,4,13,12_26_s,12,0.23076923076923078,0.10344827586206896
432,4_2_s,4,14,9_14_s,9,0.21428571428571427,0.10344827586206896
432,4_2_s,4,15,4_14_s,4,0.26666666666666666,0.13793103448275862
321,1_2_s,1,1,14_11_s,14,0.0,0.0
321,1_2_s,1,2,9_14_s,9,0.0,0.0
321,1_2_s,1,3,9_2_s,9,0.0,0.0
321,1_2_s,1,4,9_6_s,9,0.0,0.0
321,1_2_s,1,5,9_8_s,9,0.0,0.0
321,1_2_s,1,6,19_25_s,19,0.0,0.0
321,1_2_s,1,7,5_7_s,5,0.0,0.0
321,1_2_s,1,8,14_20_s,14,0.0,0.0
321,1_2_s,1,9,9_1_s,9,0.0,0.0
321,1_2_s,1,10,17_3_s,17,0.0,0.0
321,1_2_s,1,11,5_18_s,5,0.0,0.0
321,1_2_s,1,12,12_12_s,12,0.0,0.0
321,1_2_s,1,13,9_3_s,9,0.0,0.0
321,1_2_s,1,14,5_6_s,5,0.0,0.0
321,1_2_s,1,15,2_23_s,2,0.0,0.0
407,3_6_s,3,1,2_30_s,2,0.0,0.0
407,3_6_s,3,2,17_22_s,17,0.0,0.0
407,3_6_s,3,3,8_29_s,8,0.0,0.0
407,3_6_s,3,4,12_13_s,12,0.0,0.0
407,3_6_s,3,5,18_6_s,18,0.0,0.0
407,3_6_s,3,6,20_16_s,20,0.0,0.0
407,3_6_s,3,7,2_29_s,2,0.0,0.0
407,3_6_s,3,8,8_30_s,8,0.0,0.0
407,3_6_s,3,9,17_21_s,17,0.0,0.0
407,3_6_s,3,10,3_10_s,3,0.1,0.034482758620689655
407,3_6_s,3,11,8_21_s,8,0.09090909090909091,0.034482758620689655
407,3_6_s,3,12,19_1_s,19,0.08333333333333333,0.034482758620689655
407,3_6_s,3,13,14_21_s,14,0.07692307692307693,0.034482758620689655
407,3_6_s,3,14,16_12_s,16,0.07142857142857142,0.034482758620689655
407,3_6_s,3,15,2_25_s,2,0.06666666666666667,0.034482758620689655
587,9_6_s,9,1,9_8_s,9,1.0,0.034482758620689655
587,9_6_s,9,2,1_2_s,1,0.5,0.034482758620689655
587,9_6_s,9,3,19_25_s,19,0.3333333333333333,0.034482758620689655
587,9_6_s,9,4,9_4_s,9,0.5,0.06896551724137931
587,9_6_s,9,5,5_22_s,5,0.4,0.06896551724137931
587,9_6_s,9,6,5_7_s,5,0.3333333333333333,0.06896551724137931
587,9_6_s,9,7,5_18_s,5,0.2857142857142857,0.06896551724137931
587,9_6_s,9,8,19_22_s,19,0.25,0.06896551724137931
587,9_6_s,9,9,9_14_s,9,0.3333333333333333,0.10344827586206896
587,9_6_s,9,10,14_11_s,14,0.3,0.10344827586206896
587,9_6_s,9,11,9_2_s,9,0.36363636363636365,0.13793103448275862
587,9_6_s,9,12,2_5_s,2,0.3333333333333333,0.13793103448275862
587,9_6_s,9,13,2_23_s,2,0.3076923076923077,0.13793103448275862
587,9_6_s,9,14,5_5_s,5,0.2857142857142857,0.13793103448275862
587,9_6_s,9,15,17_3_s,17,0.26666666666666666,0.13793103448275862
185,16_15_s,16,1,18_29_s,18,0.0,0.0
185,16_15_s,16,2,1_24_s,1,0.0,0.0
185,16_15_s,16,3,15_15_s,15,0.0,0.0
185,16_15_s,16,4,14_17_s,14,0.0,0.0
185,16_15_s,16,5,14_8_s,14,0.0,0.0
185,16_15_s,16,6,5_29_s,5,0.0,0.0
185,16_15_s,16,7,19_18_s,19,0.0,0.0
185,16_15_s,16,8,14_18_s,14,0.0,0.0
185,16_15_s,16,9,5_20_s,5,0.0,0.0
185,16_15_s,16,10,16_21_s,16,0.1,0.034482758620689655
185,16_15_s,16,11,19_17_s,19,0.09090909090909091,0.034482758620689655
185,16_15_s,16,12,5_21_s,5,0.08333333333333333,0.034482758620689655
185,16_15_s,16,13,14_7_s,14,0.07692307692307693,0.034482758620689655
185,16_15_s,16,14,16_25_s,16,0.14285714285714285,0.06896551724137931
185,16_15_s,16,15,19_16_s,19,0.13333333333333333,0.06896551724137931
1,10_11_s,10,1,5_17_s,5,0.0,0.0
1,10_11_s,10,2,11_9_s,11,0.0,0.0
1,10_11_s,10,3,5_8_s,5,0.0,0.0
1,10_11_s,10,4,12_28_s,12,0.0,0.0
1,10_11_s,10,5,14_9_s,14,0.0,0.0
1,10_11_s,10,6,9_1_s,9,0.0,0.0
1,10_11_s,10,7,14_10_s,14,0.0,0.0
1,10_11_s,10,8,11_27_s,11,0.0,0.0
1,10_11_s,10,9,13_11_s,13,0.0,0.0
1,10_11_s,10,10,10_24_s,10,0.1,0.03225806451612903
1,10_11_s,10,11,11_18_s,11,0.09090909090909091,0.03225806451612903
1,10_11_s,10,12,12_32_s,12,0.08333333333333333,0.03225806451612903
1,10_11_s,10,13,10_23_s,10,0.15384615384615385,0.06451612903225806
1,10_11_s,10,14,10_9_s,10,0.21428571428571427,0.0967741935483871
1,10_11_s,10,15,11_21_s,11,0.2,0.0967741935483871
317,1_26_s,1,1,9_10_s,9,0.0,0.0
317,1_26_s,1,2,1_18_s,1,0.5,0.034482758620689655
317,1_26_s,1,3,8_27_s,8,0.3333333333333333,0.034482758620689655
317,1_26_s,1,4,16_22_s,16,0.25,0.034482758620689655
317,1_26_s,1,5,19_17_s,19,0.2,0.034482758620689655
317,1_26_s,1,6,9_29_s,9,0.16666666666666666,0.034482758620689655
317,1_26_s,1,7,16_21_s,16,0.14285714285714285,0.034482758620689655
317,1_26_s,1,8,5_21_s,5,0.125,0.034482758620689655
317,1_26_s,1,9,19_26_s,19,0.1111111111111111,0.034482758620689655
317,1_26_s,1,10,1_23_s,1,0.2,0.06896551724137931
317,1_26_s,1,11,14_22_s,14,0.18181818181818182,0.06896551724137931
317,1_26_s,1,12,14_17_s,14,0.16666666666666666,0.06896551724137931
317,1_26_s,1,13,3_14_s,3,0.15384615384615385,0.06896551724137931
317,1_26_s,1,14,8_13_s,8,0.14285714285714285,0.06896551724137931
317,1_26_s,1,15,19_30_s,19,0.13333333333333333,0.06896551724137931
537,8_16_s,8,1,17_26_s,17,0.0,0.0
537,8_16_s,8,2,3_21_s,3,0.0,0.0
537,8_16_s,8,3,17_7_s,17,0.0,0.0
537,8_16_s,8,4,3_8_s,3,0.0,0.0
537,8_16_s,8,5,6_19_s,6,0.0,0.0
537,8_16_s,8,6,6_3_s,6,0.0,0.0
537,8_16_s,8,7,6_29_s,6,0.0,0.0
537,8_16_s,8,8,6_22_s,6,0.0,0.0
537,8_16_s,8,9,17_13_s,17,0.0,0.0
537,8_16_s,8,10,2_15_s,2,0.0,0.0
537,8_16_s,8,11,3_22_s,3,0.0,0.0
537,8_16_s,8,12,7_18_s,7,0.0,0.0
537,8_16_s,8,13,17_29_s,17,0.0,0.0
537,8_16_s,8,14,2_12_s,2,0.0,0.0
537,8_16_s,8,15,11_22_s,11,0.0,0.0
489,6_27_s,6,1,6_10_s,6,1.0,0.034482758620689655
489,6_27_s,6,2,8_1_s,8,0.5,0.034482758620689655
489,6_27_s,6,3,7_29_s,7,0.3333333333333333,0.034482758620689655
489,6_27_s,6,4,13_17_s,13,0.25,0.034482758620689655
489,6_27_s,6,5,6_20_s,6,0.4,0.06896551724137931
489,6_27_s,6,6,8_15_s,8,0.3333333333333333,0.06896551724137931
489,6_27_s,6,7,8_26_s,8,0.2857142857142857,0.06896551724137931
489,6_27_s,6,8,13_3_s,13,0.25,0.06896551724137931
489,6_27_s,6,9,6_1_s,6,0.3333333333333333,0.10344827586206896
489,6_27_s,6,10,11_7_s,11,0.3,0.10344827586206896
489,6_27_s,6,11,15_23_s,15,0.2727272727272727,0.10344827586206896
489,6_27_s,6,12,8_28_s,8,0.25,0.10344827586206896
489,6_27_s,6,13,7_18_s,7,0.23076923076923078,0.10344827586206896
489,6_27_s,6,14,7_6_s,7,0.21428571428571427,0.10344827586206896
489,6_27_s,6,15,17_4_s,17,0.2,0.10344827586206896
249,18_19_s,18,1,18_15_s,18,1.0,0.034482758620689655
249,18_19_s,18,2,18_16_s,18,1.0,0.06896551724137931
249,18_19_s,18,3,14_27_s,14,0.6666666666666666,0.06896551724137931
249,18_19_s,18,4,8_6_s,8,0.5,0.06896551724137931
249,18_19_s,18,5,11_3_s,11,0.4,0.06896551724137931
249,18_19_s,18,6,18_8_s,18,0.5,0.10344827586206896
249,18_19_s,18,7,20_12_s,20,0.42857142857142855,0.10344827586206896
249,18_19_s,18,8,20_13_s,20,0.375,0.10344827586206896
249,18_19_s,18,9,15_6_s,15,0.3333333333333333,0.10344827586206896
249,18_19_s,18,10,7_24_s,7,0.3,0.10344827586206896
249,18_19_s,18,11,15_11_s,15,0.2727272727272727,0.10344827586206896
249,18_19_s,18,12,15_4_s,15,0.25,0.10344827586206896
249,18_19_s,18,13,14_6_s,14,0.23076923076923078,0.10344827586206896
249,18_19_s,18,14,8_24_s,8,0.21428571428571427,0.10344827586206896
249,18_19_s,18,15,16_7_s,16,0.2,0.10344827586206896
84,12_30_s,12,1,9_19_s,9,0.0,0.0
84,12_30_s,12,2,12_20_s,12,0.5,0.030303030303030304
84,12_30_s,12,3,9_17_s,9,0.3333333333333333,0.030303030303030304
84,12_30_s,12,4,1_15_s,1,0.25,0.030303030303030304
84,12_30_s,12,5,9_22_s,9,0.2,0.030303030303030304
84,12_30_s,12,6,12_29_s,12,0.3333333333333333,0.06060606060606061
84,12_30_s,12,7,19_22_s,19,0.2857142857142857,0.06060606060606061
84,12_30_s,12,8,19_10_s,19,0.25,0.06060606060606061
84,12_30_s,12,9,1_6_s,1,0.2222222222222222,0.06060606060606061
84,12_30_s,12,10,12_24_s,12,0.3,0.09090909090909091
84,12_30_s,12,11,1_13_s,1,0.2727272727272727,0.09090909090909091
84,12_30_s,12,12,12_25_s,12,0.3333333333333333,0.12121212121212122
84,12_30_s,12,13,1_7_s,1,0.3076923076923077,0.12121212121212122
84,12_30_s,12,14,12_21_s,12,0.35714285714285715,0.15151515151515152
84,12_30_s,12,15,17_3_s,17,0.3333333333333333,0.15151515151515152
324,1_4_s,1,1,1_1_s,1,1.0,0.034482758620689655
324,1_4_s,1,2,12_19_s,12,0.5,0.034482758620689655
324,1_4_s,1,3,12_24_s,12,0.3333333333333333,0.034482758620689655
324,1_4_s,1,4,1_29_s,1,0.5,0.06896551724137931
324,1_4_s,1,5,1_6_s,1,0.6,0.10344827586206896
324,1_4_s,1,6,9_5_s,9,0.5,0.10344827586206896
324,1_4_s,1,7,9_7_s,9,0.42857142857142855,0.10344827586206896
324,1_4_s,1,8,1_7_s,1,0.5,0.13793103448275862
324,1_4_s,1,9,1_5_s,1,0.5555555555555556,0.1724137931034483
324,1_4_s,1,10,9_13_s,9,0.5,0.1724137931034483
324,1_4_s,1,11,12_21_s,12,0.45454545454545453,0.1724137931034483
324,1_4_s,1,12,9_17_s,9,0.4166666666666667,0.1724137931034483
324,1_4_s,1,13,1_28_s,1,0.46153846153846156,0.20689655172413793
324,1_4_s,1,14,1_3_s,1,0.5,0.2413793103448276
324,1_4_s,1,15,12_20_s,12,0.4666666666666667,0.2413793103448276
124,13_8_s,13,1,13_10_s,13,1.0,0.034482758620689655
124,13_8_s,13,2,13_14_s,13,1.0,0.06896551724137931
124,13_8_s,13,3,13_15_s,13,1.0,0.10344827586206896
124,13_8_s,13,4,13_12_s,13,1.0,0.13793103448275862
124,13_8_s,13,5,13_1_s,13,1.0,0.1724137931034483
124,13_8_s,13,6,13_29_s,13,1.0,0.20689655172413793
124,13_8_s,13,7,13_7_s,13,1.0,0.2413793103448276
124,13_8_s,13,8,13_13_s,13,1.0,0.27586206896551724
124,13_8_s,13,9,13_11_s,13,1.0,0.3103448275862069
124,13_8_s,13,10,13_5_s,13,1.0,0.3448275862068966
124,13_8_s,13,11,13_16_s,13,1.0,0.3793103448275862
124,13_8_s,13,12,13_9_s,13,1.0,0.41379310344827586
124,13_8_s,13,13,6_20_s,6,0.9230769230769231,0.41379310344827586
124,13_8_s,13,14,15_20_s,15,0.8571428571428571,0.41379310344827586
124,13_8_s,13,15,10_29_s,10,0.8,0.41379310344827586
493,6_30_s,6,1,6_17_s,6,1.0,0.034482758620689655
493,6_30_s,6,2,6_18_s,6,1.0,0.06896551724137931
493,6_30_s,6,3,6_6_s,6,1.0,0.10344827586206896
493,6_30_s,6,4,19_27_s,19,0.75,0.10344827586206896
493,6_30_s,6,5,19_19_s,19,0.6,0.10344827586206896
493,6_30_s,6,6,6_25_s,6,0.6666666666666666,0.13793103448275862
493,6_30_s,6,7,6_5_s,6,0.7142857142857143,0.1724137931034483
493,6_30_s,6,8,16_4_s,16,0.625,0.1724137931034483
493,6_30_s,6,9,8_8_s,8,0.5555555555555556,0.1724137931034483
493,6_30_s,6,10,7_28_s,7,0.5,0.1724137931034483
493,6_30_s,6,11,6_24_s,6,0.5454545454545454,0.20689655172413793
493,6_30_s,6,12,8_1_s,8,0.5,0.20689655172413793
493,6_30_s,6,13,2_10_s,2,0.46153846153846156,0.20689655172413793
493,6_30_s,6,14,7_6_s,7,0.42857142857142855,0.20689655172413793
493,6_30_s,6,15,17_5_s,17,0.4,0.20689655172413793
43,11_20_s,11,1,14_14_s,14,0.0,0.0
43,11_20_s,11,2,6_13_s,6,0.0,0.0
43,11_20_s,11,3,12_17_s,12,0.0,0.0
43,11_20_s,11,4,12_16_s,12,0.0,0.0
43,11_20_s,11,5,12_15_s,12,0.0,0.0
43,11_20_s,11,6,11_9_s,11,0.16666666666666666,0.034482758620689655
43,11_20_s,11,7,15_22_s,15,0.14285714285714285,0.034482758620689655
43,11_20_s,11,8,10_24_s,10,0.125,0.034482758620689655
43,11_20_s,11,9,11_27_s,11,0.2222222222222222,0.06896551724137931
43,11_20_s,11,10,11_5_s,11,0.3,0.10344827586206896
43,11_20_s,11,11,7_26_s,7,0.2727272727272727,0.10344827586206896
43,11_20_s,11,12,16_23_s,16,0.25,0.10344827586206896
43,11_20_s,11,13,6_9_s,6,0.23076923076923078,0.10344827586206896
43,11_20_s,11,14,10_9_s,10,0.21428571428571427,0.10344827586206896
43,11_20_s,11,15,12_28_s,12,0.2,0.10344827586206896
483,6_21_s,6,1,16_12_s,16,0.0,0.0
483,6_21_s,6,2,6_7_s,6,0.5,0.034482758620689655
483,6_21_s,6,3,3_27_s,3,0.3333333333333333,0.034482758620689655
483,6_21_s,6,4,6_28_s,6,0.5,0.06896551724137931
483,6_21_s,6,5,3_9_s,3,0.4,0.06896551724137931
483,6_21_s,6,6,16_29_s,16,0.3333333333333333,0.06896551724137931
483,6_21_s,6,7,6_11_s,6,0.42857142857142855,0.10344827586206896
483,6_21_s,6,8,6_5_s,6,0.5,0.13793103448275862
483,6_21_s,6,9,14_29_s,14,0.4444444444444444,0.13793103448275862
483,6_21_s,6,10,17_9_s,17,0.4,0.13793103448275862
483,6_21_s,6,11,14_21_s,14,0.36363636363636365,0.13793103448275862
483,6_21_s,6,12,14_28_s,14,0.3333333333333333,0.13793103448275862
483,6_21_s,6,13,8_21_s,8,0.3076923076923077,0.13793103448275862
483,6_21_s,6,14,12_13_s,12,0.2857142857142857,0.13793103448275862
483,6_21_s,6,15,20_16_s,20,0.26666666666666666,0.13793103448275862
256,18_25_s,18,1,18_21_s,18,1.0,0.034482758620689655
256,18_25_s,18,2,15_2_s,15,0.5,0.034482758620689655
256,18_25_s,18,3,15_7_s,15,0.3333333333333333,0.034482758620689655
256,18_25_s,18,4,18_7_s,18,0.5,0.06896551724137931
256,18_25_s,18,5,11_13_s,11,0.4,0.06896551724137931
256,18_25_s,18,6,15_9_s,15,0.3333333333333333,0.06896551724137931
256,18_25_s,18,7,16_6_s,16,0.2857142857142857,0.06896551724137931
256,18_25_s,18,8,11_30_s,11,0.25,0.06896551724137931
256,18_25_s,18,9,15_13_s,15,0.2222222222222222,0.06896551724137931
256,18_25_s,18,10,15_8_s,15,0.2,0.06896551724137931
256,18_25_s,18,11,12_2_s,12,0.18181818181818182,0.06896551724137931
256,18_25_s,18,12,18_20_s,18,0.25,0.10344827586206896
256,18_25_s,18,13,8_12_s,8,0.23076923076923078,0.10344827586206896
256,18_25_s,18,14,12_6_s,12,0.21428571428571427,0.10344827586206896
256,18_25_s,18,15,15_24_s,15,0.2,0.10344827586206896
250,18_1_s,18,1,14_6_s,14,0.0,0.0
250,18_1_s,18,2,17_15_s,17,0.0,0.0
250,18_1_s,18,3,8_23_s,8,0.0,0.0
250,18_1_s,18,4,8_10_s,8,0.0,0.0
250,18_1_s,18,5,17_20_s,17,0.0,0.0
250,18_1_s,18,6,12_1_s,12,0.0,0.0
250,18_1_s,18,7,16_1_s,16,0.0,0.0
250,18_1_s,18,8,14_4_s,14,0.0,0.0
250,18_1_s,18,9,17_16_s,17,0.0,0.0
250,18_1_s,18,10,8_11_s,8,0.0,0.0
250,18_1_s,18,11,6_14_s,6,0.0,0.0
250,18_1_s,18,12,14_27_s,14,0.0,0.0
250,18_1_s,18,13,7_24_s,7,0.0,0.0
250,18_1_s,18,14,17_18_s,17,0.0,0.0
250,18_1_s,18,15,8_6_s,8,0.0,0.0
